paper_id,journal,citation,short_title,data_description,paper_link,publication_year,topic_flags,topic_codes,clusters,method_primary,method_secondary,method_codes,source_primary,source_secondary,licensing_exposure,dataset_start_year,dataset_end_year,coverage,coverage_window_years,lag_years,geographic_scope,geographic_notes,unit_of_observation,data_availability,data_score,data_link,code_availability,code_score,code_link,openness_score,openness_tier,curation_tier,could_be_open
P01,Journal of Finance,"LIANG, H. and RENNEBOOG, L. (2017), On the Foundations of Corporate Social Responsibility. The Journal of Finance, 72: 853-910. https://doi.org/10.1111/jofi.12487",Corporate social responsability foundation,CSR ratings from 23000 companies from 114 countries,https://onlinelibrary.wiley.com/doi/10.1111/jofi.12487,2017,Topic: ESG Ratings; Topic: Social Factors; Topic: Governance,RAT; SOC; GOV,ESG Disclosure & Ratings; Social & Governance,Standard Econometrics Accounting / Market Data,,ECON,Market Data,Proprietary Database,licensed only,1999,2011,1999–2011,13,6,Global,,Firm-Year,N,0.0,,N,0.0,,0.0,closed,,N
P02,Journal of Finance,"LINS, K.V., SERVAES, H. and TAMAYO, A. (2017), Social Capital, Trust, and Firm Performance: The Value of Corporate Social Responsibility during the Financial Crisis. The Journal of Finance, 72: 1785-1824. https://doi.org/10.1111/jofi.12505",impact of CSR on performance during financial crisis,performance and CSR ratings non financial firms during financial crisis,https://onlinelibrary.wiley.com/doi/10.1111/jofi.12505,2017,Topic: ESG Ratings; Topic: Social Factors; Topic: Governance,RAT; SOC; GOV,ESG Disclosure & Ratings; Social & Governance,Standard Econometrics Accounting / Market Data,Experiment,ECON; EXP,Market Data,Proprietary Database,licensed only,2008,2009,2008–2009,2,8,US,,Firm-Year,N,0.0,,N,0.0,,0.0,closed,,N
P03,Journal of Finance,"RIEDL, A. and SMEETS, P. (2017), Why Do Investors Hold Socially Responsible Mutual Funds?. The Journal of Finance, 72: 2505-2550. https://doi.org/10.1111/jofi.12547",Socially Responsible Mutual Funds attractiveness,adminstrative data linked to survey and behavioural experiment,https://onlinelibrary.wiley.com/doi/10.1111/jofi.12547,2017,Topic: ESG Disclosure; Topic: ESG Ratings; Topic: Social Factors,DIS; RAT; SOC,ESG Disclosure & Ratings; Social & Governance,Survey Instrument,Experiment,SURV; EXP,Survey Data,Other,neither,2006,2012,2006–2012,7,5,Other / Regional,One company in Netherlands,Document-Level,N,0.0,,N,0.0,,0.0,closed,,N
P04,Journal of Finance,"HARTZMARK, S.M. and SUSSMAN, A.B. (2019), Do Investors Value Sustainability? A Natural Experiment Examining Ranking and Fund Flows. The Journal of Finance, 74: 2789-2837. https://doi.org/10.1111/jofi.12841",Investor value sustainbility,Fund flow data after intoduction of sailent Sustainability rating,https://onlinelibrary.wiley.com/doi/10.1111/jofi.12841,2019,Topic: ESG Ratings,RAT,ESG Disclosure & Ratings,Standard Econometrics Accounting / Market Data,Experiment,ECON; EXP,Market Data,Proprietary Database,licensed only,2016,2017,2016–2017,2,2,US,,Portfolio-Level,N,0.0,,N,0.0,,0.0,closed,,N
P05,Journal of Finance,"SAUTNER, Z., VAN LENT, L., VILKOV, G. and ZHANG, R. (2023), Firm-Level Climate Change Exposure. J Finance, 78: 1449-1498. https://doi.org/10.1111/jofi.13219",Firm-level climate exposure / earnings calls,Firm-level panel of climate-change exposure measures built on earning calls keywords,https://onlinelibrary.wiley.com/doi/10.1111/jofi.13219,2023,Topic: Climate Physical Risk; Topic: Climate Transition Risk; Topic: Corporate Emissions (Scope 1/2/3),PHY; TRN; EMI,Climate Physical Risk; Climate Transition Risk & Corporate Emissions,NLP / Textual Analysis,Standard Econometrics Accounting / Market Data,NLP; ECON,Earnings Call transcripts,Market Data,licensed only,2002,2020,2002–2020,19,3,Global,,Document-Level,Y,1.0,https://osf.io/fd6jq/overview,Y,1.0,https://onlinelibrary.wiley.com/action/downloadSupplement?doi=10.1111%2Fjofi.13219&file=jofi13219-sup-0002-ReplicationCode.zip,1.0,fully open,Tier 1,
P06,Journal of Finance,"Bolton, P., & Kacperczyk, M. (2023). Global Pricing of Carbon-Transition Risk. Journal of Finance, 78(6), 3677–3754.",Carbon premium / global / Trucost emissions,Cross-section of carbon premia in global stock returns.,https://onlinelibrary.wiley.com/doi/10.1111/jofi.13272,2023,Topic: Climate Transition Risk; Topic: Green Bonds & Sustainable Debt,TRN; GRB,Climate Transition Risk & Corporate Emissions; Green Bonds & Sustainable Debt,Standard Econometrics Accounting / Market Data,Other,ECON; OTH,Market Data,Proprietary Database,licensed only,2005,2018,2005–2018,14,5,Global,"14,400 firms in 77 countries; three continents (Asia, Europe, North America)",Firm-Year,N,0.0,,Y,1.0,https://onlinelibrary.wiley.com/action/downloadSupplement?doi=10.1111%2Fjofi.13272&file=jofi13272-sup-0002-ReplicationCode.zip,0.5,partly open,,Partial
P07,Journal of Finance,"ZHANG, S. (2025), Carbon Returns across the Globe. J Finance, 80: 615-645. https://doi.org/10.1111/jofi.13402",Carbon premium / Trucost emissions / global,"Cross-sectional carbon return estimates accounting for emissions data release lags, built from S&P Trucost Scope 1/2 emissions merged with CRSP/Compustat (US) and Compustat Global, covering ~14,400 firms in 77 countries, 2009–2021.",https://onlinelibrary.wiley.com/doi/10.1111/jofi.13402,2025,Topic: Climate Transition Risk; Topic: Corporate Emissions (Scope 1/2/3),TRN; EMI,Climate Transition Risk & Corporate Emissions,Standard Econometrics Accounting / Market Data,,ECON,Proprietary Database,Market Data,licensed only,2009,2021,2009–2021,13,4,Global,"~14,400 firms in 77 countries; matched Trucost–CRSP/Compustat sample",Firm-Year,N,0.0,,Y,1.0,https://onlinelibrary.wiley.com/action/downloadSupplement?doi=10.1111%2Fjofi.13402&file=jofi13402-sup-0002-ReplicationCode.zip,0.5,partly open,,Partial
P08,Journal of Finance,"KRUTTLI, M.S., TRAN, B.R. and WATUGALA, S.W. (2025), Pricing Poseidon: Extreme Weather Uncertainty and Firm Return Dynamics. J Finance, 80: 783-832. https://doi.org/10.1111/jofi.13416",Hurricanes / physical risk / options,"Firm-level analysis of stock and options market reactions to hurricane events, built from NOAA hurricane forecasts, FEMA disaster declarations, NETS firm establishment data, OptionMetrics, CRSP, and earnings call transcripts, covering Atlantic/Gulf hurricane events 1996–2019.",https://onlinelibrary.wiley.com/doi/10.1111/jofi.13416,2025,Topic: Climate Physical Risk,PHY,Climate Physical Risk,Standard Econometrics Accounting / Market Data,NLP / Textual Analysis,ECON; NLP,Weather & Hazard,Market Data,licensed and public,1996,2019,1996–2019,24,6,US,US firms with establishments in Atlantic/Gulf coast hurricane landfall regions,Firm-Year,Partial,0.75,Public Data used in the replication code file,Y,1.0,https://onlinelibrary.wiley.com/action/downloadSupplement?doi=10.1111%2Fjofi.13416&file=jofi13416-sup-0002-ReplicationCode.zip,0.875,mostly open,Tier 2,Partial
P09,Journal of Finance,"DUCHIN, R., GAO, J. and XU, Q. (2025), Sustainability or Greenwashing: Evidence from the Asset Market for Industrial Pollution. J Finance, 80: 699-754. https://doi.org/10.1111/jofi.13412",Greenwashing / pollution / divestiture,"Plant-level dataset of 888 industrial divestitures linking SDC M&A deals with EPA Toxic Release Inventory pollution data, NETS plant employment, and KLD/Refinitiv/MSCI ESG ratings, covering US firms 2000–2020.",https://onlinelibrary.wiley.com/doi/10.1111/jofi.13412,2025,Topic: ESG Disclosure; Topic: ESG Ratings; Topic: Corporate Emissions (Scope 1/2/3),DIS; RAT; EMI,Climate Transition Risk & Corporate Emissions; ESG Disclosure & Ratings,Standard Econometrics Accounting / Market Data,NLP / Textual Analysis,ECON; NLP,Official Statistics,Proprietary Database,licensed and public,2000,2020,2000–2020,21,5,US,888 industrial plant divestitures; US public + private firms with TRI plants,Firm-Year,Raw Data,0.5,EPA TRI: https://www.epa.gov/toxics-release-inventory-tri-program,Y,1.0,https://onlinelibrary.wiley.com/action/downloadSupplement?doi=10.1111%2Fjofi.13412&file=jofi13412-sup-0002-ReplicationCode.zip,0.75,mostly open,,Partial
P10,Journal of Finance,"DERRIEN, F., KRÜGER, P., LANDIER, A. and YAO, T. (2025), ESG News, Future Cash Flows, and Firm Value. J Finance, 80: 3499-3554. https://doi.org/10.1111/jofi.13498",RepRisk ESG incidents / analyst forecasts,"Firm-month panel matching RepRisk negative ESG incidents to IBES analyst earnings forecast revisions to test whether analysts revise forecasts after ESG news, covering global public firms 2008–2019.",https://onlinelibrary.wiley.com/doi/10.1111/jofi.13498,2025,Topic: ESG Disclosure; Topic: Social Factors; Topic: Governance,DIS; SOC; GOV,ESG Disclosure & Ratings; Social & Governance,Standard Econometrics Accounting / Market Data,,ECON,Proprietary Database,Market Data,licensed only,2007,2018,2007–2018,12,7,Global,Global panel of public firms with RepRisk and IBES coverage; matched via ISIN,Other,N,0.0,,Y,1.0,https://onlinelibrary.wiley.com/action/downloadSupplement?doi=10.1111%2Fjofi.13498&file=jofi13498-sup-0002-ReplicationCode.zip,0.5,partly open,,N
P11,Journal of Finance,"PARISE, G. and RUBIN, M. (2025), Green Window Dressing. J Finance, 80: 3555-3588. https://doi.org/10.1111/jofi.13499",Green window dressing / mutual funds / ESG ratings,"Fund-level analysis of strategic timing of ESG holdings around mandatory disclosure dates, built from CRSP mutual funds, Morningstar/Sustainalytics sustainability ratings, and Trucost emissions, covering 223 ESG and 5,793 non-ESG US equity mutual funds, March 2016 – December 2022.",https://onlinelibrary.wiley.com/doi/10.1111/jofi.13499,2025,Topic: ESG Disclosure; Topic: ESG Ratings,DIS; RAT,ESG Disclosure & Ratings,Standard Econometrics Accounting / Market Data,,ECON,Market Data,Proprietary Database,licensed only,2016,2022,2016–2022,7,3,US,"223 US ESG mutual funds + 5,793 non-ESG funds; sample starts March 2016 (Morningstar globe ratings introduction)",Portfolio-Level,N,0.0,,Y,1.0,https://onlinelibrary.wiley.com/action/downloadSupplement?doi=10.1111%2Fjofi.13499&file=jofi13499-sup-0002-ReplicationCode.zip,0.5,partly open,,N
P12,Journal of Finance,"OH, S.S., SEN, I. and TENEKEDJIEVA, A.-M. (2026), Pricing of Climate Risk Insurance: Regulation and Cross-Subsidies. J Finance, 81: 1161-1215. https://doi.org/10.1111/jofi.70029",Climate insurance / regulation / cross-subsidies,"State–insurer–year panel of US homeowners insurance underwriting and rate filings, built from S&P Market Intelligence (premiums, losses, balance sheets), Insure.com homeowners premiums, and NAIC regulatory filings; uses IV and border-discontinuity designs to identify regulatory effects on rates.",https://onlinelibrary.wiley.com/doi/10.1111/jofi.70029,2026,Topic: Climate Physical Risk; Topic: Climate Transition Risk,PHY; TRN,Climate Physical Risk; Climate Transition Risk & Corporate Emissions,Standard Econometrics Accounting / Market Data,,ECON,Proprietary Database,Market Data,licensed only,2000,2020,2000–2020,21,6,US,US homeowners insurance ($15 trillion market); state–insurer–year panel,Other,N,0.0,,Y,1.0,https://onlinelibrary.wiley.com/action/downloadSupplement?doi=10.1111%2Fjofi.70029&file=jofi70029-sup-0002-Replication-Code.zip,0.5,partly open,,N
P13,Journal of Finance,"ALLCOTT, H., MONTANARI, G., OZALTUN, B. and TAN, B. (2026), An Economic View of Corporate Social Impact. J Finance, 81: 285-328. https://doi.org/10.1111/jofi.70004",Social impact / consumer surplus / impact investing,"Custom survey of consumer and worker substitution patterns combined with structural product- and labor-market models to estimate the welfare loss if a firm exited, applied to 74 firms across 12 industries.",https://onlinelibrary.wiley.com/doi/10.1111/jofi.70004,2026,Topic: Social Factors,SOC,Social & Governance,Survey Instrument,Standard Econometrics Accounting / Market Data,SURV; ECON,Survey Data,Market Data,licensed only,2021,2021,2021–2021,1,5,US,74 firms across 12 industries; survey of US consumers and workers,Other,Partial,0.75,https://onlinelibrary.wiley.com/action/downloadSupplement?doi=10.1111%2Fjofi.70004&file=jofi70004-sup-0002-ReplicationCode.zip,Partial,0.5,https://onlinelibrary.wiley.com/action/downloadSupplement?doi=10.1111%2Fjofi.70004&file=jofi70004-sup-0002-ReplicationCode.zip,0.625,partly open,Tier 3,Partial
P14,Journal of Finance,"STARKS, L.T., VENKAT, P. and ZHU, Q. (2026), Corporate ESG Profiles and Investor Horizons. J Finance, 81: 603-642. https://doi.org/10.1111/jofi.70008",ESG profiles / investor horizons / institutional ownership,"Firm-level panel linking institutional ownership (13F filings) with firm-level ESG ratings and ES incidents, testing whether long-horizon investors prefer high-ESG firms and react differently to negative ES events vs. earnings news.",https://onlinelibrary.wiley.com/doi/10.1111/jofi.70008,2026,Topic: ESG Disclosure; Topic: ESG Ratings; Topic: Social Factors; Topic: Governance,DIS; RAT; SOC; GOV,ESG Disclosure & Ratings; Social & Governance,Standard Econometrics Accounting / Market Data,Regulatory Filing Parsing,ECON; FILE,SEC Filings,Proprietary Database,licensed and public,2000,2018,2000–2018,19,8,US,US-listed firms; institutional ownership via 13F; ESG-rated firms only,Firm-Year,N,0.0,,Y,1.0,https://onlinelibrary.wiley.com/action/downloadSupplement?doi=10.1111%2Fjofi.70008&file=jofi70008-sup-0001-ReplicationCode.zip,0.5,partly open,,Partial
P15,Journal of Financial Economics,"Alex Edmans,; Does the stock market fully value intangibles? Employee satisfaction and equity prices,; Journal of Financial Economics,; Volume 101, Issue 3,; 2011,; Pages 621-640,; ISSN 0304-405X,; https://doi.org/10.1016/j.jfineco.2011.03.021.",Employee satisfaction / intangibles / stock returns,"Long-short equity portfolios built from Fortune's '100 Best Companies to Work For in America' list (an employee-satisfaction proxy) merged with stock returns, testing whether the market fully prices intangible human-capital value.",https://doi.org/10.1016/j.jfineco.2011.03.021,2011,Topic: Social Factors,SOC,Social & Governance,Standard Econometrics Accounting / Market Data,Survey Instrument,ECON; SURV,Survey Data,Market Data,licensed only,1984,2009,1984–2009,26,2,US,US listed firms on the Best-Companies list,Firm-Year,N,0.0,,N,0.0,,0.0,closed,,Partial
P16,Journal of Financial Economics,"Adair Morse,; Payday lenders: Heroes or villains?,; Journal of Financial Economics,; Volume 102, Issue 1,; 2011,; Pages 28-44,; ISSN 0304-405X,; https://doi.org/10.1016/j.jfineco.2011.03.022.",Payday lending / disasters / financial inclusion,"County/ZIP-level study of whether payday-lender access mitigates financial distress (foreclosures, larcenies) after natural disasters, combining hand-collected payday-lender locations with FEMA disaster declarations and property/foreclosure data in California.",https://doi.org/10.1016/j.jfineco.2011.03.022,2011,Topic: Climate Physical Risk; Topic: Social Factors,PHY; SOC,Climate Physical Risk; Social & Governance,Standard Econometrics Accounting / Market Data,,ECON,Other,Weather & Hazard,public only,1996,2002,1996–2002,7,9,US,California communities,Other,Raw Data,0.5,https://cemhs.asu.edu/sheldus,N,0.0,,0.25,minimally open,,Partial
P17,Journal of Financial Economics,"Harrison Hong, Leonard Kostovetsky,; Red and blue investing: Values and finance,; Journal of Financial Economics,; Volume 103, Issue 1,; 2012,; Pages 1-19,; ISSN 0304-405X,; https://doi.org/10.1016/j.jfineco.2011.01.006.",Fund manager politics / values investing,"Study of whether US mutual-fund managers' personal political affiliation (from FEC campaign-contribution records) is reflected in portfolio tilts away from socially-irresponsible ('sin'/low-KLD) stocks, linking FEC donations, fund holdings, and KLD social ratings.",https://doi.org/10.1016/j.jfineco.2011.01.006,2012,Topic: Social Factors; Topic: Governance,SOC; GOV,Social & Governance,Standard Econometrics Accounting / Market Data,Regulatory Filing Parsing,ECON; FILE,Official Statistics,Proprietary Database,licensed and public,1992,2006,1992–2006,15,6,US,US mutual-fund managers,Portfolio-Level,Raw Data,0.5,FEC contributions public: https://www.fec.gov/data/,N,0.0,,0.25,minimally open,,Partial
P18,Journal of Financial Economics,"Xin Deng, Jun-koo Kang, Buen Sin Low,; Corporate social responsibility and stakeholder value maximization: Evidence from mergers,; Journal of Financial Economics,; Volume 110, Issue 1,; 2013,; Pages 87-109,; ISSN 0304-405X,; https://doi.org/10.1016/j.jfineco.2013.04.014.",CSR / stakeholder value / mergers,"Event study of acquirer CSR (KLD) and merger outcomes — announcement returns, deal completion, and long-run performance — testing the stakeholder-value-maximization view, using KLD CSR ratings, SDC M&A deals, and CRSP returns.",https://doi.org/10.1016/j.jfineco.2013.04.014,2013,Topic: Social Factors; Topic: Governance,SOC; GOV,Social & Governance,Standard Econometrics Accounting / Market Data,,ECON,Proprietary Database,Market Data,licensed only,1992,2007,1992–2007,16,6,US,US acquirers in M&A deals,Other,N,0.0,jfinancialeconomics@gmail.com,On Demand,0.25,jfinancialeconomics@gmail.com,0.125,closed,,N
P19,Journal of Financial Economics,"Alberta Di Giuli, Leonard Kostovetsky,; Are red or blue companies more likely to go green? Politics and corporate social responsibility,; Journal of Financial Economics,; Volume 111, Issue 1,; 2014,; Pages 158-180,; ISSN 0304-405X,; https://doi.org/10.1016/j.jfineco.2013.10.002.",Corporate politics / going green / CSR,"Study of whether firms' political leanings (from employee/executive FEC donations and founder/location proxies) predict higher CSR scores, linking KLD CSR ratings, FEC political donations, and Compustat financials.",https://doi.org/10.1016/j.jfineco.2013.10.002,2014,Topic: Social Factors; Topic: Governance,SOC; GOV,Social & Governance,Standard Econometrics Accounting / Market Data,,ECON,Proprietary Database,Official Statistics,licensed and public,2003,2009,2003–2009,7,5,US,US listed firms,Firm-Year,Raw Data,0.5,FEC contributions public: https://www.fec.gov/data/,N,0.0,,0.25,minimally open,,Partial
P20,Journal of Financial Economics,"Philipp Krüger,; Corporate goodness and shareholder wealth,; Journal of Financial Economics,; Volume 115, Issue 2,; 2015,; Pages 304-329,; ISSN 0304-405X,; https://doi.org/10.1016/j.jfineco.2014.09.008",CSR events / shareholder wealth (event study),"Event study of stock-market reactions to corporate social-responsibility news, using KLD CSR strengths/concerns events matched to CRSP returns; finds investors respond negatively to some CSR and positively to offsetting/agency-reducing CSR.",https://doi.org/10.1016/j.jfineco.2014.09.008,2015,Topic: Social Factors,SOC,Social & Governance,Standard Econometrics Accounting / Market Data,,ECON,Proprietary Database,Market Data,licensed only,2001,2007,2001–2007,7,8,US,US listed firms,Firm-Year,N,0.0,,N,0.0,,0.0,closed,,N
P21,Journal of Financial Economics,"Allen Ferrell, Hao Liang, Luc Renneboog,; Socially responsible firms,; Journal of Financial Economics,; Volume 122, Issue 3,; 2016,; Pages 585-606,; ISSN 0304-405X,; https://doi.org/10.1016/j.jfineco.2015.12.003",Socially responsible firms / CSR & governance,"International study of whether CSR is driven by managerial agency problems, showing well-governed firms engage in more CSR, using Thomson Reuters ASSET4 ESG/CSR scores combined with governance and financial data across countries.",https://doi.org/10.1016/j.jfineco.2015.12.003,2016,Topic: Social Factors; Topic: Governance,SOC; GOV,Social & Governance,Standard Econometrics Accounting / Market Data,,ECON,Proprietary Database,Market Data,licensed only,1999,2011,1999–2011,13,5,Global,Global listed firms,Firm-Year,N,0.0,,N,0.0,,0.0,closed,,N
P22,Journal of Financial Economics,"Kristle Romero Cortés, Philip E. Strahan,; Tracing out capital flows: How financially integrated banks respond to natural disasters,; Journal of Financial Economics,; Volume 125, Issue 1,; 2017,; Pages 182-199,; ISSN 0304-405X,; https://doi.org/10.1016/j.jfineco.2017.04.011",Banks & natural disasters / capital reallocation,"Study of how multi-market banks reallocate capital after local natural disasters, raising lending in disaster areas while contracting elsewhere, using FEMA disaster declarations, HMDA mortgage data, and bank Call Reports.",https://doi.org/10.1016/j.jfineco.2017.04.011,2017,Topic: Climate Physical Risk,PHY,Climate Physical Risk,Standard Econometrics Accounting / Market Data,,ECON,Official Statistics,Official Statistics,public only,2001,2010,2001–2010,10,7,US,US multi-market banks,Other,Raw Data,0.5,FEMA/SHELDUS: https://cemhs.asu.edu/sheldus; https://www.consumerfinance.gov/data-research/hmda/; HMDA: https://www.consumerfinance.gov/data-research/hmda/,N,0.0,,0.25,minimally open,,Y
P23,Journal of Financial Economics,"Henrik Cronqvist, Frank Yu,; Shaped by their daughters: Executives, female socialization, and corporate social responsibility,; Journal of Financial Economics,; Volume 126, Issue 3,; 2017,; Pages 543-562,; ISSN 0304-405X,; https://doi.org/10.1016/j.jfineco.2017.09.003",CEO daughters / female socialization / CSR,"Study showing CEOs with daughters run firms with higher CSR (especially diversity), combining KLD CSR ratings with hand-collected data on S&P 500 executives' children and gender.",https://doi.org/10.1016/j.jfineco.2017.09.003,2017,Topic: Social Factors; Topic: Governance,SOC; GOV,Social & Governance,Standard Econometrics Accounting / Market Data,,ECON,Proprietary Database,Other,licensed only,1992,2012,1992–2012,21,5,US,S&P 500 CEOs,Firm-Year,N,0.0,,N,0.0,,0.0,closed,,Partial
P24,Journal of Financial Economics,"Alexander Dyck, Karl V. Lins, Lukas Roth, Hannes F. Wagner,; Do institutional investors drive corporate social responsibility? International evidence,; Journal of Financial Economics,; Volume 131, Issue 3,; 2019,; Pages 693-714,; ISSN 0304-405X,; https://doi.org/10.1016/j.jfineco.2018.08.013",Institutional investors drive CSR (international),"International evidence that institutional ownership raises firms' environmental and social (E&S) performance, using Thomson Reuters ASSET4 E&S scores and institutional-ownership data across many countries; identification via index/quasi-natural-experiment variation.",https://doi.org/10.1016/j.jfineco.2018.08.013,2019,Topic: ESG Disclosure; Topic: Social Factors; Topic: Governance,DIS; SOC; GOV,ESG Disclosure & Ratings; Social & Governance,Standard Econometrics Accounting / Market Data,,ECON,Proprietary Database,Market Data,licensed only,2004,2013,2004–2013,10,6,Global,Global listed firms,Firm-Year,N,0.0,,N,0.0,,0.0,closed,,N
P25,Journal of Financial Economics,"Asaf Bernstein, Matthew T. Gustafson, Ryan Lewis,; Disaster on the horizon: The price effect of sea level rise,; Journal of Financial Economics,; Volume 134, Issue 2,; 2019,; Pages 253-272,; ISSN 0304-405X,; https://doi.org/10.1016/j.jfineco.2019.03.013",Sea-level rise / coastal home prices,"Hedonic study showing homes exposed to projected sea-level rise sell at a discount (~7%), combining Zillow ZTRAX property transactions with NOAA sea-level-rise and elevation data.",https://doi.org/10.1016/j.jfineco.2019.03.013,2019,Topic: Climate Physical Risk,PHY,Climate Physical Risk,Standard Econometrics Accounting / Market Data,Satellite & Remote Sensing,ECON; SAT,Proprietary Database,Weather & Hazard,licensed and public,2007,2016,2007–2016,10,3,US,US coastal residential properties,Asset-Level,Raw Data,0.5,"NOAA SLR public: https://coast.noaa.gov/slr/ (ZTRAX was free-to-researchers, now discontinued)",N,0.0,,0.25,minimally open,,Partial
P26,Journal of Financial Economics,"Marcus Painter,; An inconvenient cost: The effects of climate change on municipal bonds,; Journal of Financial Economics,; Volume 135, Issue 2,; 2020,; Pages 468-482,; ISSN 0304-405X,; https://doi.org/10.1016/j.jfineco.2019.06.006",Climate change / municipal bonds,"Study showing US counties more exposed to climate change / sea-level rise pay higher underwriting fees and yields on long-term municipal bonds, combining municipal-bond issuance data with climate-change and sea-level-rise exposure projections.",https://doi.org/10.1016/j.jfineco.2019.06.006,2020,Topic: Climate Physical Risk; Topic: Green Bonds & Sustainable Debt,PHY; GRB,Climate Physical Risk; Green Bonds & Sustainable Debt,Standard Econometrics Accounting / Market Data,Satellite & Remote Sensing,ECON; SAT,Market Data,Weather & Hazard,licensed and public,2004,2017,2004–2017,14,3,US,US counties/municipal issuers,Asset-Level,N,0.0,,N,0.0,,0.0,closed,,Partial
P27,Journal of Financial Economics,"Tao Chen, Hui Dong, Chen Lin,; Institutional shareholders and corporate social responsibility,; Journal of Financial Economics,; Volume 135, Issue 2,; 2020,; Pages 483-504,; ISSN 0304-405X,; https://doi.org/10.1016/j.jfineco.2019.06.007",Institutional shareholders & CSR (RDD),"Causal study using Russell 1000/2000 index-reconstitution discontinuities as exogenous variation in institutional ownership to show institutions increase firms' CSR, linking MSCI/KLD CSR ratings, Russell index membership, and 13F ownership.",https://doi.org/10.1016/j.jfineco.2019.06.007,2020,Topic: ESG Disclosure; Topic: Social Factors; Topic: Governance,DIS; SOC; GOV,ESG Disclosure & Ratings; Social & Governance,Standard Econometrics Accounting / Market Data,,ECON,Proprietary Database,Market Data,licensed only,2003,2006,2003–2006,4,14,US,US listed firms near Russell index cutoff,Firm-Year,Raw Data,0.5,https://www.sec.gov/edgar/search/#,N,0.0,,0.25,minimally open,,Partial
P28,Journal of Financial Economics,"Brad M. Barber, Adair Morse, Ayako Yasuda,; Impact investing,; Journal of Financial Economics,; Volume 139, Issue 1,; 2021,; Pages 162-185,; ISSN 0304-405X,; https://doi.org/10.1016/j.jfineco.2020.07.008",Impact investing / willingness-to-pay (VC),"Study of venture-capital impact funds showing investors accept lower expected returns for measurable social impact (a revealed willingness-to-pay), using Preqin VC/PE fund data with hand-classified impact vs traditional funds.",https://doi.org/10.1016/j.jfineco.2020.07.008,2021,Topic: Social Factors,SOC,Social & Governance,Standard Econometrics Accounting / Market Data,,ECON,Proprietary Database,Other,licensed only,1995,2014,1995–2014,20,7,Global,Global VC/PE funds & limited partners,Portfolio-Level,N,0.0,,N,0.0,,0.0,closed,,N
P29,Journal of Financial Economics,"Wolfram Schlenker, Charles A. Taylor,; Market expectations of a warming climate,; Journal of Financial Economics,; Volume 142, Issue 2,; 2021,; Pages 627-640,; ISSN 0304-405X,; https://doi.org/10.1016/j.jfineco.2020.08.019",Market expectations of warming / weather derivatives,"Study showing prices of weather (temperature) futures embed market expectations of warming consistent with climate-model trends, combining CME weather-derivative prices with NOAA station temperature records and climate-model projections.",https://doi.org/10.1016/j.jfineco.2020.08.019,2021,Topic: Climate Physical Risk,PHY,Climate Physical Risk,Standard Econometrics Accounting / Market Data,Satellite & Remote Sensing,ECON; SAT,Market Data,Weather & Hazard,licensed and public,2001,2020,2001–2020,20,1,US,US weather-derivative markets / weather stations,Other,Raw Data,0.5,NOAA weather data: https://www.noaa.gov/tools-and-resources/weather-and-climate-resources#Climate,N,0.0,,0.25,minimally open,,Partial
P30,Journal of Financial Economics,"Christopher Geczy, Jessica S. Jeffers, David K. Musto, Anne M. Tucker,; Contracts with (Social) benefits: The implementation of impact investing,; Journal of Financial Economics,; Volume 142, Issue 2,; 2021,; Pages 697-718,; ISSN 0304-405X,; https://doi.org/10.1016/j.jfineco.2021.01.006",Impact investing contracts (implementation),"Analysis of how impact is contractually implemented in private funds, using a hand-collected sample of impact-investing fund partnership agreements/side letters to document governance and impact-measurement provisions.",https://doi.org/10.1016/j.jfineco.2021.01.006,2021,Topic: Social Factors; Topic: Governance,SOC; GOV,Social & Governance,Standard Econometrics Accounting / Market Data,,ECON,Other,Proprietary Database,licensed only,1988,2016,1988–2016,29,5,Global,Impact-investing funds (contract-level),Other,N,0.0,,N,0.0,,0.0,closed,,N
P31,Journal of Financial Economics,"Patrick Bolton, Marcin Kacperczyk,; Do investors care about carbon risk?,; Journal of Financial Economics,; Volume 142, Issue 2,; 2021,; Pages 517-549,; ISSN 0304-405X,; https://doi.org/10.1016/j.jfineco.2021.05.008",Carbon risk / carbon premium,"Asset-pricing study showing US stocks of higher-carbon-emitting firms earn higher returns (a carbon premium), and that some investors divest on carbon intensity, using Trucost carbon emissions (Scope 1/2/3) merged with CRSP/Compustat.",https://doi.org/10.1016/j.jfineco.2021.05.008,2021,Topic: Climate Transition Risk; Topic: Corporate Emissions (Scope 1/2/3),TRN; EMI,Climate Transition Risk & Corporate Emissions,Standard Econometrics Accounting / Market Data,,ECON,Proprietary Database,Market Data,licensed only,2005,2017,2005–2017,13,4,US,US listed firms,Firm-Year,N,0.0,,N,0.0,,0.0,closed,,N
P32,Journal of Financial Economics,"Rui Dai, Hao Liang, Lilian Ng,; Socially responsible corporate customers,; Journal of Financial Economics,; Volume 142, Issue 2,; 2021,; Pages 598-626,; ISSN 0304-405X,; https://doi.org/10.1016/j.jfineco.2020.01.003",Socially responsible corporate customers (supply chain),"Supply-chain study showing large customers' CSR propagates to their suppliers' CSR, combining customer-supplier links (Compustat segment / FactSet Revere) with ESG/CSR ratings for an international sample.",https://doi.org/10.1016/j.jfineco.2020.01.003,2021,Topic: Social Factors,SOC,Social & Governance,Standard Econometrics Accounting / Market Data,,ECON,Proprietary Database,Market Data,licensed only,2003,2015,2003–2015,13,6,Global,Global customer-supplier firm pairs,Firm-Year,N,0.0,,N,0.0,,0.0,closed,,N
P33,Journal of Financial Economics,"Caroline Flammer,; Corporate green bonds,; Journal of Financial Economics,; Volume 142, Issue 2,; 2021,; Pages 499-516,; ISSN 0304-405X,; https://doi.org/10.1016/j.jfineco.2021.01.010",Corporate green bonds,"Study of corporate green-bond issuance showing positive stock-market reactions and real effects (improved environmental performance, more green innovation, green-investor clientele), using Bloomberg green-bond data with CRSP/Compustat and environmental ratings.",https://doi.org/10.1016/j.jfineco.2021.01.010,2021,Topic: Green Bonds & Sustainable Debt; Topic: Corporate Emissions (Scope 1/2/3),GRB; EMI,Climate Transition Risk & Corporate Emissions; Green Bonds & Sustainable Debt,Standard Econometrics Accounting / Market Data,,ECON,Other,Market Data,licensed only,2010,2018,2010–2018,9,3,Global,Global corporate green-bond issuers,Firm-Year,N,0.0,,N,0.0,,0.0,closed,,Partial
P34,Journal of Financial Economics,"José Azar, Miguel Duro, Igor Kadach, Gaizka Ormazabal,; The Big Three and corporate carbon emissions around the world,; Journal of Financial Economics,; Volume 142, Issue 2,; 2021,; Pages 674-696,; ISSN 0304-405X,; https://doi.org/10.1016/j.jfineco.2021.05.007",Big Three ownership & carbon emissions,"International study showing Big Three (BlackRock, Vanguard, State Street) ownership and engagement are associated with subsequent reductions in investee carbon emissions, combining Trucost emissions, Big Three ownership (FactSet), and engagement data.",https://doi.org/10.1016/j.jfineco.2021.05.007,2021,Topic: ESG Disclosure; Topic: Corporate Emissions (Scope 1/2/3); Topic: Governance,DIS; EMI; GOV,Climate Transition Risk & Corporate Emissions; ESG Disclosure & Ratings; Social & Governance,Standard Econometrics Accounting / Market Data,,ECON,Proprietary Database,Market Data,licensed only,2005,2018,2005–2018,14,3,Global,Global large-cap firms,Firm-Year,N,0.0,,N,0.0,,0.0,closed,,N
P35,Journal of Financial Economics,"Lasse Heje Pedersen, Shaun Fitzgibbons, Lukasz Pomorski,; Responsible investing: The ESG-efficient frontier,; Journal of Financial Economics,; Volume 142, Issue 2,; 2021,; Pages 572-597,; ISSN 0304-405X,; https://doi.org/10.1016/j.jfineco.2020.11.001",ESG-efficient frontier (theory + empirics),"Develops the ESG-efficient frontier — the best risk-return trade-off attainable at each ESG level — and characterizes optimal portfolios for ESG-motivated and ESG-aware investors, with an empirical implementation using ESG scores and market data.",https://doi.org/10.1016/j.jfineco.2020.11.001,2021,Topic: ESG Disclosure; Topic: ESG Ratings,DIS; RAT,ESG Disclosure & Ratings,Other,Standard Econometrics Accounting / Market Data,OTH; ECON,Proprietary Database,Market Data,licensed only,2009,2019,2009–2019,11,2,US,US/global equities,Portfolio-Level,N,0.0,,N,0.0,,0.0,closed,,N
P36,Journal of Financial Economics,"Söhnke M. Bartram, Kewei Hou, Sehoon Kim,; Real effects of climate policy: Financial constraints and spillovers,; Journal of Financial Economics,; Volume 143, Issue 2,; 2022,; Pages 668-696,; ISSN 0304-405X,; https://doi.org/10.1016/j.jfineco.2021.06.015",Climate policy real effects / emissions leakage,"Study of California's cap-and-trade program showing financially constrained firms shift emissions and activity to plants in other states (within-firm leakage/spillovers), using EPA plant-level emissions, the California program, and Compustat financials.",https://doi.org/10.1016/j.jfineco.2021.06.015,2022,Topic: Climate Transition Risk; Topic: Corporate Emissions (Scope 1/2/3),TRN; EMI,Climate Transition Risk & Corporate Emissions,Standard Econometrics Accounting / Market Data,,ECON,Official Statistics,Proprietary Database,licensed and public,2010,2015,2010–2015,6,7,US,US multi-plant firms; California vs other states,Firm-Year,Raw Data,0.5,EPA emissions public: https://ghgdata.epa.gov/flight/?viewType=map,N,0.0,,0.25,minimally open,,Partial
P37,Journal of Financial Economics,"Zhongchen Hu,; Social interactions and households’ flood insurance decisions,; Journal of Financial Economics,; Volume 144, Issue 2,; 2022,; Pages 414-432,; ISSN 0304-405X,; https://doi.org/10.1016/j.jfineco.2022.02.004",Social interactions & flood insurance,"Study showing social interactions affect households' flood-insurance take-up, combining FEMA National Flood Insurance Program (NFIP) policy data with flood events and social-connectedness proxies.",https://doi.org/10.1016/j.jfineco.2022.02.004,2022,Topic: Climate Physical Risk; Topic: Social Factors,PHY; SOC,Climate Physical Risk; Social & Governance,Standard Econometrics Accounting / Market Data,Satellite & Remote Sensing,ECON; SAT,Official Statistics,Weather & Hazard,public only,2010,2019,2010–2019,10,3,US,US households (flood-zone),Other,Raw Data,0.5,FEMA NFIP: https://www.fema.gov/openfema-data-page/fima-nfip-redacted-policies-v2; Risk Map: https://www.fema.gov/flood-maps/tools-resources/risk-map,N,0.0,,0.25,minimally open,,Y
P38,Journal of Financial Economics,"Doron Avramov, Si Cheng, Abraham Lioui, Andrea Tarelli,; Sustainable investing with ESG rating uncertainty,; Journal of Financial Economics,; Volume 145, Issue 2, Part B,; 2022,; Pages 642-664,; ISSN 0304-405X,; https://doi.org/10.1016/j.jfineco.2021.09.009",Sustainable investing with ESG rating uncertainty (theory + empirics),"Equilibrium asset-pricing model with uncertainty about firms' ESG ratings (rating disagreement), with empirical tests linking ESG-rating disagreement to the carbon/ESG premium and demand, using multiple ESG raters and market data.",https://doi.org/10.1016/j.jfineco.2021.09.009,2022,Topic: ESG Disclosure; Topic: ESG Ratings,DIS; RAT,ESG Disclosure & Ratings,Other,Standard Econometrics Accounting / Market Data,OTH; ECON,Proprietary Database,Market Data,licensed only,2002,2019,2002–2019,18,3,US,US/global equities,Portfolio-Level,N,0.0,,N,0.0,,0.0,closed,,N
P39,Journal of Financial Economics,"Ľuboš Pástor, Robert F. Stambaugh, Lucian A. Taylor,; Dissecting green returns,; Journal of Financial Economics,; Volume 146, Issue 2,; 2022,; Pages 403-424,; ISSN 0304-405X,; https://doi.org/10.1016/j.jfineco.2022.07.007",Dissecting green returns,"Shows that green US stocks outperformed brown over 2012-2020 largely because of unexpected increases in climate concern (not high expected returns), decomposing realized green returns using MSCI environmental scores, returns, and climate-concern shocks.",https://doi.org/10.1016/j.jfineco.2022.07.007,2022,Topic: Climate Transition Risk; Topic: ESG Ratings,TRN; RAT,Climate Transition Risk & Corporate Emissions; ESG Disclosure & Ratings,Standard Econometrics Accounting / Market Data,,ECON,Proprietary Database,Market Data,licensed only,2003,2018,2003–2018,16,4,US,US listed firms,Portfolio-Level,N,0.0,,Y,1.0,https://data.mendeley.com/datasets/dnskbdnmsz/1,0.5,partly open,,N
P40,Journal of Financial Economics,"Stephen B. Billings, Emily A. Gallagher, Lowell Ricketts,; Let the rich be flooded: The distribution of financial aid and distress after hurricane harvey,; Journal of Financial Economics,; Volume 146, Issue 2,; 2022,; Pages 797-819,; ISSN 0304-405X,; https://doi.org/10.1016/j.jfineco.2021.11.006",Hurricane Harvey / aid distribution & distress,"Study of Hurricane Harvey showing financial distress concentrated among lower-income flooded households while aid distribution favored higher-income areas, combining a consumer credit-bureau panel, FEMA/SBA disaster aid, and flood-depth data.",https://doi.org/10.1016/j.jfineco.2021.11.006,2022,Topic: Climate Physical Risk; Topic: Social Factors,PHY; SOC,Climate Physical Risk; Social & Governance,Standard Econometrics Accounting / Market Data,Satellite & Remote Sensing,ECON; SAT,Weather & Hazard,Proprietary Database,licensed and public,2015,2019,2015–2019,5,3,US,Houston / Hurricane Harvey-affected households,Other,Raw Data,0.5,FEMA NFIP: https://www.fema.gov/openfema-data-page/fima-nfip-redacted-policies-v2,N,0.0,,0.25,minimally open,,Partial
P41,Journal of Financial Economics,"Asaf Bernstein, Stephen B. Billings, Matthew T. Gustafson, Ryan Lewis,; Partisan residential sorting on climate change risk,; Journal of Financial Economics,; Volume 146, Issue 3,; 2022,; Pages 989-1015,; ISSN 0304-405X,; https://doi.org/10.1016/j.jfineco.2022.03.004",Partisan residential sorting on climate risk,"Shows Republicans are relatively more willing to buy sea-level-rise-exposed coastal homes (partisan sorting on climate beliefs), combining Zillow ZTRAX transactions, voter-registration party data, and NOAA sea-level-rise exposure.",https://doi.org/10.1016/j.jfineco.2022.03.004,2022,Topic: Climate Physical Risk; Topic: Social Factors,PHY; SOC,Climate Physical Risk; Social & Governance,Standard Econometrics Accounting / Market Data,Satellite & Remote Sensing,ECON; SAT,Proprietary Database,Weather & Hazard,licensed and public,2018,2018,2018–2018,1,4,US,US coastal housing markets,Asset-Level,Raw Data,0.5,Ztrax data (on demand): https://www.zillow.com/research/ztrax/; NOAA SLR viewer: https://coast.noaa.gov/digitalcoast/tools/slr.html; L2 voter data: https://www.l2-data.com/; HMDA data: https://www.consumerfinance.gov/data-research/hmda/,N,0.0,,0.25,minimally open,,Partial
P42,Journal of Financial Economics,"Nickolay Gantchev, Mariassunta Giannetti, Rachel Li,; Sustainability or performance? Ratings and fund managers’ incentives,; Journal of Financial Economics,; Volume 155,; 2024,; 103831,; ISSN 0304-405X,; https://doi.org/10.1016/j.jfineco.2024.103831",Sustainability ratings & fund-manager incentives,"Study of Morningstar sustainability ('globe') ratings showing fund managers tilt holdings to improve ratings and that ratings drive fund flows, using Morningstar globe ratings with mutual-fund flows and holdings.",https://doi.org/10.1016/j.jfineco.2024.103831,2024,Topic: ESG Disclosure; Topic: ESG Ratings,DIS; RAT,ESG Disclosure & Ratings,Standard Econometrics Accounting / Market Data,,ECON,Proprietary Database,Market Data,licensed only,2015,2017,2015–2017,3,7,Global,Global mutual funds,Portfolio-Level,N,0.0,,Y,1.0,https://data.mendeley.com/datasets/7pbjvjsbvb/2,0.5,partly open,,N
P43,Journal of Financial Economics,"Jessica Jeffers, Tianshu Lyu, Kelly Posenau,; The risk and return of impact investing funds,; Journal of Financial Economics,; Volume 161,; 2024,; 103928,; ISSN 0304-405X,; https://doi.org/10.1016/j.jfineco.2024.103928",Risk & return of impact investing funds,"Estimates the risk and return of impact-investing funds using fund cash-flow data and public-market-equivalent / benchmark methods, characterizing how impact funds' returns compare with conventional VC/PE and public markets.",https://doi.org/10.1016/j.jfineco.2024.103928,2024,Topic: Social Factors,SOC,Social & Governance,Standard Econometrics Accounting / Market Data,,ECON,Proprietary Database,Market Data,licensed only,1999,2021,1999–2021,23,3,Global,Impact-investing funds,Portfolio-Level,Y,1.0,https://zenodo.org/records/13282899,Y,1.0,https://zenodo.org/records/13282899,1.0,fully open,Tier 1,
P44,Journal of Financial Economics,"Peter Feldhütter, Kristoffer Halskov, Arthur Krebbers,; Pricing of sustainability-linked bonds,; Journal of Financial Economics,; Volume 162,; 2024,; 103944,; ISSN 0304-405X,; https://doi.org/10.1016/j.jfineco.2024.103944",Pricing of sustainability-linked bonds,"Empirical study of sustainability-linked bonds (SLBs), whose coupons step up if ESG/KPI targets are missed, examining their pricing, greenium, and target-setting, using SLB issuance and pricing data (Bloomberg/Refinitiv).",https://doi.org/10.1016/j.jfineco.2024.103944,2024,Topic: Green Bonds & Sustainable Debt,GRB,Green Bonds & Sustainable Debt,Standard Econometrics Accounting / Market Data,,ECON,Other,Proprietary Database,licensed only,2020,2024,2020–2024,5,0,Global,Global SLB issuers,Asset-Level,N,0.0,,Y,1.0,https://data.mendeley.com/datasets/y3g8bx3vb4/1,0.5,partly open,,Partial
P45,Journal of Financial Economics,"Jean-François Bonnefon, Augustin Landier, Parinitha Sastry, David Thesmar,; The moral preferences of investors: Experimental evidence,; Journal of Financial Economics,; Volume 163,; 2025,; 103955,; ISSN 0304-405X,; https://doi.org/10.1016/j.jfineco.2024.103955",Moral preferences of investors (EXPERIMENT),Incentivized experiment eliciting investors' moral/social preferences — their willingness to pay (or sacrifice return) for firms' ethical behavior — using a controlled online experiment with real monetary stakes.,https://doi.org/10.1016/j.jfineco.2024.103955,2025,Topic: ESG Disclosure; Topic: Social Factors,DIS; SOC,ESG Disclosure & Ratings; Social & Governance,Experiment,,EXP,Survey Data,,neither,2019,2022,2019–2022,4,3,Global,Experimental participants,Other,Y,1.0,https://data.mendeley.com/datasets/d5gxv5tc8b/2,Y,1.0,https://data.mendeley.com/datasets/d5gxv5tc8b/2,1.0,fully open,Tier 1,
P46,Journal of Financial Economics,"Jonathan B. Berk, Jules H. van Binsbergen,; The impact of impact investing,; Journal of Financial Economics,; Volume 164,; 2025,; 103972,; ISSN 0304-405X,; https://doi.org/10.1016/j.jfineco.2024.103972",The impact of impact investing (THEORY/quantitative),Theoretical and quantitative analysis arguing that the cost-of-capital impact of divestment/impact investing on targeted firms is small under realistic conditions; primarily a model with calibration rather than a novel dataset.,https://doi.org/10.1016/j.jfineco.2024.103972,2025,Topic: Climate Transition Risk; Topic: Social Factors,TRN; SOC,Climate Transition Risk & Corporate Emissions; Social & Governance,Other,Standard Econometrics Accounting / Market Data,OTH; ECON,Market Data,,licensed only,2000,2020,2000–2020,21,5,Global,N/A — primarily theoretical,Other,N,0.0,,Y,1.0,https://data.mendeley.com/datasets/gzp97wdddc/1,0.5,partly open,,N
P47,Journal of Financial Economics,"Stefano Giglio, Matteo Maggiori, Johannes Stroebel, Zhenhao Tan, Stephen Utkus, Xiao Xu,; Four facts about ESG beliefs and investor portfolios,; Journal of Financial Economics,; Volume 164,; 2025,; 103984,; ISSN 0304-405X,; https://doi.org/10.1016/j.jfineco.2024.103984",Four facts about ESG beliefs & investor portfolios,"Documents four facts about retail investors' ESG beliefs and how they relate to portfolio holdings, combining a large survey of Vanguard investors with their administrative portfolio-holding data.",https://doi.org/10.1016/j.jfineco.2024.103984,2025,Topic: ESG Disclosure; Topic: ESG Ratings,DIS; RAT,ESG Disclosure & Ratings,Survey Instrument,Standard Econometrics Accounting / Market Data,SURV; ECON,Survey Data,Proprietary Database,licensed only,2021,2023,2021–2023,3,2,US,US retail (Vanguard) investors,Other,N,0.0,,Y,1.0,https://data.mendeley.com/datasets/79fm698pyx/1,0.5,partly open,,N
P48,Journal of Financial Economics,"Caroline Flammer, Thomas Giroux, Geoffrey M. Heal,; Biodiversity finance,; Journal of Financial Economics,; Volume 164,; 2025,; 103987,; ISSN 0304-405X,; https://doi.org/10.1016/j.jfineco.2024.103987",Biodiversity finance (framework + deal data),"Introduces biodiversity finance — using private and blended capital to fund conservation/restoration — with a conceptual framework on 'monetizing' biodiversity and empirical evidence from deal-level data of a leading biodiversity-finance institution, supporting a three-dimensional (return, risk, biodiversity) efficient frontier.",https://doi.org/10.1016/j.jfineco.2024.103987,2025,Topic: Biodiversity & Nature,BIO,Biodiversity & Nature,Other,Standard Econometrics Accounting / Market Data,OTH; ECON,Proprietary Database,,licensed only,2020,2022,2020–2022,3,3,Global,Biodiversity-finance deals (global),Other,N,0.0,,Y,1.0,https://data.mendeley.com/datasets/hpgmk6ctwh/2,0.5,partly open,,N
P49,Journal of Financial Economics,"Hyeyoon Jung, Robert F. Engle, Richard Berner,; CRISK: Measuring the climate risk exposure of the financial system,; Journal of Financial Economics,; Volume 171,; 2025,; 104076,; ISSN 0304-405X,; https://doi.org/10.1016/j.jfineco.2025.104076",CRISK — systemic climate risk of banks,"Introduces CRISK, a market-based measure of the expected capital shortfall of banks in a climate stress scenario (a climate analogue to SRISK), estimated from bank equity/market data and a climate risk factor.",https://doi.org/10.1016/j.jfineco.2025.104076,2025,Topic: Climate Transition Risk,TRN,Climate Transition Risk & Corporate Emissions,Standard Econometrics Accounting / Market Data,,ECON,Market Data,Other,licensed only,2000,2021,2000–2021,22,4,Global,Large global/US banks,Firm-Year,Partial,0.75,https://data.mendeley.com/datasets/5pzr9t645v/2,Y,1.0,https://data.mendeley.com/datasets/5pzr9t645v/2,0.875,mostly open,Tier 2,Partial
P50,Journal of Financial Economics,"Daniel Green, Boris Vallee,; Measurement and effects of bank exit policies,; Journal of Financial Economics,; Volume 172,; 2025,; 104129,; ISSN 0304-405X,; https://doi.org/10.1016/j.jfineco.2025.104129",Bank exit (coal divestment) policies & emissions,"Uses bank coal-exit policies as a laboratory to show divestment has large real effects: targeted coal assets face reduced financing and are more likely to retire, cutting CO2 emissions by an estimated ~0.62-1 gigaton; built from hand-collected bank exit policies, the Global Coal Exit List, coal-plant data, and syndicated loans.",https://doi.org/10.1016/j.jfineco.2025.104129,2025,Topic: Climate Transition Risk; Topic: Green Bonds & Sustainable Debt; Topic: Corporate Emissions (Scope 1/2/3),TRN; GRB; EMI,Climate Transition Risk & Corporate Emissions; Green Bonds & Sustainable Debt,Standard Econometrics Accounting / Market Data,,ECON,Other,Proprietary Database,licensed only,2005,2021,2005–2021,17,4,Global,Global banks & coal assets,Other,Partial,0.75,https://dataverse.harvard.edu/dataset.xhtml?persistentId=doi:10.7910/DVN/5LX4LD,Y,1.0,https://dataverse.harvard.edu/dataset.xhtml?persistentId=doi:10.7910/DVN/5LX4LD,0.875,mostly open,Tier 2,Partial
P51,Journal of Financial Economics,"George O. Aragon, Yuxiang Jiang, Juha Joenväärä, Cristian Ioan Tiu,; Responsible investing: Costs and benefits for university endowment funds,; Journal of Financial Economics,; Volume 172,; 2025,; 104151,; ISSN 0304-405X,; https://doi.org/10.1016/j.jfineco.2025.104151",Responsible investing & university endowments,"Studies the costs and benefits of responsible/ESG investing for US university endowment funds, relating endowments' responsible-investing adoption to their asset allocation and returns, using endowment survey/filing data and returns.",https://doi.org/10.1016/j.jfineco.2025.104151,2025,Topic: ESG Disclosure; Topic: Social Factors,DIS; SOC,ESG Disclosure & Ratings; Social & Governance,Standard Econometrics Accounting / Market Data,,ECON,Survey Data,Market Data,licensed only,2009,2017,2009–2017,9,8,US,US university endowment funds,Portfolio-Level,N,0.0,,Y,1.0,https://data.mendeley.com/datasets/vpp2jysgyh/2,0.5,partly open,,Partial
P52,Journal of Financial Economics,"Sehoon Kim, Nitish Kumar, Jongsub Lee, Junho Oh,; ESG lending,; Journal of Financial Economics,; Volume 173,; 2025,; 104150,; ISSN 0304-405X,; https://doi.org/10.1016/j.jfineco.2025.104150",ESG lending / sustainability-linked loans,"Empirical study of ESG/sustainability-linked lending — loans whose pricing is tied to borrowers' ESG performance targets — examining their design, pricing, and incentive effects, using DealScan syndicated-loan data with ESG ratings.",https://doi.org/10.1016/j.jfineco.2025.104150,2025,Topic: ESG Disclosure; Topic: Green Bonds & Sustainable Debt,DIS; GRB,ESG Disclosure & Ratings; Green Bonds & Sustainable Debt,Standard Econometrics Accounting / Market Data,,ECON,Proprietary Database,Proprietary Database,licensed only,2016,2021,2016–2021,6,4,Global,Global syndicated-loan borrowers,Other,N,0.0,,Y,1.0,https://data.mendeley.com/datasets/zhrnypkcyb/2,0.5,partly open,,N
P53,Journal of Financial Economics,"Lubos Pastor, Robert F. Stambaugh, Lucian A. Taylor,; Green tilts,; Journal of Financial Economics,; Volume 174,; 2025,; 104173,; ISSN 0304-405X,; https://doi.org/10.1016/j.jfineco.2025.104173",Green tilts (institutional green portfolio tilts),"Measures institutional investors' 'green tilts' — the degree to which their equity holdings are tilted toward greener stocks — and how these tilts have grown and vary across institution types, using 13F holdings and MSCI green/environmental scores.",https://doi.org/10.1016/j.jfineco.2025.104173,2025,Topic: Climate Transition Risk; Topic: ESG Ratings,TRN; RAT,Climate Transition Risk & Corporate Emissions; ESG Disclosure & Ratings,Standard Econometrics Accounting / Market Data,,ECON,Market Data,Proprietary Database,licensed only,2023,2023,2023–2023,1,2,US,US institutional investors,Portfolio-Level,Partial,0.75,https://data.mendeley.com/datasets/y5p3vdzzwr/1,Y,1.0,https://data.mendeley.com/datasets/y5p3vdzzwr/1,0.875,mostly open,Tier 2,Partial
P54,Journal of Financial Economics,"Mengyu Wang, Jeffrey Wurgler, Hong Zhang,; Policy uncertainty reduces green innovation,; Journal of Financial Economics,; Volume 175,; 2026,; 104189,; ISSN 0304-405X,; https://doi.org/10.1016/j.jfineco.2025.104189",Policy uncertainty & green innovation,"Shows that heightened (climate/economic) policy uncertainty reduces firms' green innovation, measured by green patents, linking green-patent data to a policy-uncertainty index and firm characteristics.",https://doi.org/10.1016/j.jfineco.2025.104189,2026,Topic: Climate Transition Risk,TRN,Climate Transition Risk & Corporate Emissions,Standard Econometrics Accounting / Market Data,,ECON,Other,News & Media,licensed only,2009,2019,2009–2019,11,7,Asia-Pacific,,Firm-Year,N,0.0,,N,0.0,,0.0,closed,,Partial
P55,Journal of Financial Economics,"Stefania D’Amico, Johannes Klausmann, N. Aaron Pancost,; The benchmark greenium,; Journal of Financial Economics,; Volume 176,; 2026,; 104217,; ISSN 0304-405X,; https://doi.org/10.1016/j.jfineco.2025.104217",The benchmark greenium (German twin bonds),"Exploits the 'twin' structure of German sovereign green and conventional bonds (2009-2023) and a dynamic no-arbitrage term-structure model to estimate a time-varying greenium driven solely by investors' green values, distinct from the raw green spread.",https://doi.org/10.1016/j.jfineco.2025.104217,2026,Topic: Green Bonds & Sustainable Debt,GRB,Green Bonds & Sustainable Debt,Standard Econometrics Accounting / Market Data,,ECON,Market Data,Other,licensed only,2009,2023,2009–2023,15,3,Europe,Germany (sovereign green vs conventional twin bonds),Asset-Level,N,0.0,,Y,1.0,https://data.mendeley.com/datasets/5vhyvhfmh3/1,0.5,partly open,,Partial
P56,Journal of Financial Economics,"Nuno Clara, João F. Cocco, S. Lakshmi Naaraayanan, Varun Sharma,; Investments that make our homes greener: The role of regulation,; Journal of Financial Economics,; Volume 177,; 2026,; 104236,; ISSN 0304-405X,; https://doi.org/10.1016/j.jfineco.2026.104236",Home energy-efficiency investments & regulation,"Uses the UK Minimum Energy Efficiency Standard (requiring rented properties to meet minimum energy-efficiency ratings) in an instrumented difference-in-differences design to show the regulation triggers low-cost retrofits, with little pass-through to rents; built on a large sample of residential Energy Performance Certificate (EPC) records.",https://doi.org/10.1016/j.jfineco.2026.104236,2026,Topic: Climate Transition Risk; Topic: Corporate Emissions (Scope 1/2/3),TRN; EMI,Climate Transition Risk & Corporate Emissions,Standard Econometrics Accounting / Market Data,,ECON,Official Statistics,Proprietary Database,licensed and public,2008,2020,2008–2020,13,6,Europe,United Kingdom (England) — rented residential properties,Asset-Level,Raw Data,0.5,England EPC register is public: https://epc.opendatacommunities.org/,Y,1.0,https://data.mendeley.com/datasets/b5f9rp823c/2,0.75,mostly open,,Partial
P57,Review of Finance,"Nickolay Gantchev, Mariassunta Giannetti, Rachel Li, Does Money Talk? Divestitures and Corporate Environmental and Social Policies, Review of Finance, Volume 26, Issue 6, November 2022, Pages 1469–1508, https://doi.org/10.1093/rof/rfac029",Divestitures / E&S incidents / institutional ownership,"Firm-level analysis testing whether E&S-conscious institutional investors' divestitures and exit threats induce changes in firms' E&S policies, built from RepRisk ESG incidents linked to FactSet/13F institutional holdings, executive compensation data, and ESG ratings, covering global firms.",https://doi.org/10.1093/rof/rfac029,2022,Topic: ESG Disclosure; Topic: ESG Ratings; Topic: Corporate Emissions (Scope 1/2/3); Topic: Social Factors,DIS; RAT; EMI; SOC,Climate Transition Risk & Corporate Emissions; ESG Disclosure & Ratings; Social & Governance,Standard Econometrics Accounting / Market Data,,ECON,Proprietary Database,Market Data,licensed only,2007,2016,2007–2016,10,6,Global,Global firms with RepRisk coverage and institutional ownership data,,N,0.0,,N,0.0,,0.0,closed,,N
P58,Review of Finance,"Olivier David Zerbib, A Sustainable Capital Asset Pricing Model (S-CAPM): Evidence from Environmental Integration and Sin Stock Exclusion, Review of Finance, Volume 26, Issue 6, November 2022, Pages 1345–1388, https://doi.org/10.1093/rof/rfac045",Sustainable CAPM / sin stocks / green premium,"Theoretical extension of CAPM incorporating sustainable preferences (exclusionary screening and ESG integration), with empirical calibration of sin-stock and green premia using US equity returns and ESG/sin classifications.",https://doi.org/10.1093/rof/rfac045,2022,Topic: Climate Transition Risk; Topic: ESG Ratings,TRN; RAT,Climate Transition Risk & Corporate Emissions; ESG Disclosure & Ratings,Other,Standard Econometrics Accounting / Market Data,OTH; ECON,Market Data,Proprietary Database,licensed only,2007,2019,2007–2019,13,3,US,US-listed equities; calibration uses standard US asset pricing test assets,Firm-Year,On Demand,0.25,odzerbib@gmail.com,N,0.0,,0.125,closed,,N
P59,Review of Finance,"Duc Duy Nguyen, Steven Ongena, Shusen Qi, Vathunyoo Sila, Climate Change Risk and the Cost of Mortgage Credit, Review of Finance, Volume 26, Issue 6, November 2022, Pages 1509–1549, https://doi.org/10.1093/rof/rfac013",Sea level rise / mortgage rates / physical risk,"Loan-level US residential mortgage panel testing whether lenders price sea-level-rise (SLR) exposure, built from HMDA mortgage applications matched to NOAA SLR risk data and property location data, covering US originations 2018–2020.",https://doi.org/10.1093/rof/rfac013,2022,Topic: Climate Physical Risk,PHY,Climate Physical Risk,Standard Econometrics Accounting / Market Data,Satellite & Remote Sensing,ECON; SAT,Weather & Hazard,Official Statistics,public only,2018,2020,2018–2020,3,2,US,US residential mortgage applications in coastal counties exposed to sea-level rise,Other,Raw Data,0.5,HMDA: https://www.consumerfinance.gov/data-research/hmda/; NOAA SLR viewer: https://coast.noaa.gov/slr/; NOAA SLR: https://coast.noaa.gov/digitalcoast/tools/slr.html,N,0.0,,0.25,minimally open,,Partial
P60,Review of Finance,"Hao Liang, Lin Sun, Melvyn Teo, Responsible Hedge Funds, Review of Finance, Volume 26, Issue 6, November 2022, Pages 1585–1633, https://doi.org/10.1093/rof/rfac028",Hedge funds / UN PRI signatories / responsible investing,"Hedge fund-level panel testing whether UN PRI signatory hedge funds outperform and behave more responsibly, built from a major commercial hedge fund database (e.g., HFR, TASS, Eurekahedge) merged with UN PRI signatory list and SEC ADV filings.",https://doi.org/10.1093/rof/rfac028,2022,Topic: ESG Disclosure; Topic: ESG Ratings,DIS; RAT,ESG Disclosure & Ratings,Standard Econometrics Accounting / Market Data,Regulatory Filing Parsing,ECON; FILE,Proprietary Database,SEC Filings,licensed and public,2006,2019,2006–2019,14,3,Global,Global hedge funds reporting to commercial databases,Other,Raw Data,0.5,UN PRI signatories: https://www.unpri.org/signatories; SEC ADV: https://adviserinfo.sec.gov/,N,0.0,,0.25,minimally open,,Partial
P61,Review of Finance,"Florian Berg, Julian F Kölbel, Roberto Rigobon, Aggregate Confusion: The Divergence of ESG Ratings, Review of Finance, Volume 26, Issue 6, November 2022, Pages 1315–1344, https://doi.org/10.1093/rof/rfac033",ESG rating divergence / six raters,"Cross-rater comparison of ESG ratings from six providers (KLD, Sustainalytics, Moody's ESG/Vigeo-Eiris, S&P Global/RobecoSAM, Refinitiv/Asset4, MSCI), decomposing pairwise rating divergence into scope, measurement, and weight contributions using a common taxonomy of indicators; baseline year 2014.",https://doi.org/10.1093/rof/rfac033,2022,Topic: ESG Disclosure; Topic: ESG Ratings,DIS; RAT,ESG Disclosure & Ratings,Standard Econometrics Accounting / Market Data,Meta-Analysis / Systematic Review,ECON; META,Proprietary Database,,licensed only,2014,2017,2014–2017,4,5,Global,Common-sample firms covered by all six raters; baseline year 2014,Firm-Year,N,0.0,,N,0.0,,0.0,closed,,N
P62,Review of Finance,"Rajna Gibson Brandon, Simon Glossner, Philipp Krueger, Pedro Matos, Tom Steffen, Do Responsible Investors Invest Responsibly?, Review of Finance, Volume 26, Issue 6, November 2022, Pages 1389–1432, https://doi.org/10.1093/rof/rfac064",UN PRI signatories / institutional portfolios / ESG holdings,"Institutional investor-level analysis testing whether UN PRI signatories actually hold portfolios with better ESG profiles, built from FactSet/13F institutional holdings linked to UN PRI signatory data, MSCI ESG ratings, and Sustainalytics ratings, covering global institutional investors.",https://doi.org/10.1093/rof/rfac064,2022,Topic: ESG Disclosure; Topic: ESG Ratings,DIS; RAT,ESG Disclosure & Ratings,Standard Econometrics Accounting / Market Data,,ECON,Market Data,Proprietary Database,licensed only,2003,2017,2003–2017,15,5,Global,Global institutional investors; portfolio-level ESG profiles,Portfolio-Level,On Demand,0.25,UN PRI signatories: https://www.unpri.org/signatories; https://www.unpri.org/sustainability-issues/research.,N,0.0,,0.125,closed,,Partial
P63,Review of Finance,"Davidson Heath, Daniele Macciocchi, Roni Michaely, Matthew C. Ringgenberg, Does Socially Responsible Investing Change Firm Behavior?, Review of Finance, Volume 27, Issue 6, November 2023, Pages 2057–2083, https://doi.org/10.1093/rof/rfad002",SRI funds / firm behavior / shareholder proposals,"Fund- and firm-level analysis testing whether SRI mutual fund holdings cause changes in firm pollution, board diversity, employee satisfaction, and workplace safety, built from CRSP mutual funds + Morningstar SRI classifications, EPA TRI pollution data, BoardEx, Glassdoor employee data, OSHA workplace safety, and shareholder proposal data, covering US firms.",https://doi.org/10.1093/rof/rfad002,2023,Topic: ESG Disclosure; Topic: ESG Ratings; Topic: Corporate Emissions (Scope 1/2/3); Topic: Social Factors; Topic: Governance,DIS; RAT; EMI; SOC; GOV,Climate Transition Risk & Corporate Emissions; ESG Disclosure & Ratings; Social & Governance,Standard Econometrics Accounting / Market Data,,ECON,Official Statistics,Proprietary Database,licensed and public,2010,2019,2010–2019,10,4,US,US-listed firms with mutual fund holdings and ESG outcome data,Firm-Year,Raw Data,0.5,EPA: https://www.epa.gov/toxics-release-inventory-tri-program; OSHA: https://www.osha.gov/data,N,0.0,,0.25,minimally open,,Partial
P64,Review of Finance,"Jitendra Aswani, Aneesh Raghunandan, Shiva Rajgopal, Are Carbon Emissions Associated with Stock Returns?, Review of Finance, Volume 28, Issue 1, January 2024, Pages 75–106, https://doi.org/10.1093/rof/rfad013",Carbon emissions / stock returns / Trucost estimated vs disclosed,"Re-examination of carbon-return correlations distinguishing vendor-estimated vs firm-disclosed emissions, built from S&P Trucost emissions (with estimated/disclosed flag) merged with CRSP/Compustat returns and accounting data, covering US firms (with European validation), 2005–2019.",https://doi.org/10.1093/rof/rfad013,2024,Topic: Climate Transition Risk; Topic: Corporate Emissions (Scope 1/2/3),TRN; EMI,Climate Transition Risk & Corporate Emissions,Standard Econometrics Accounting / Market Data,,ECON,Proprietary Database,Market Data,licensed only,2005,2019,2005–2019,15,5,Global,US main sample with European validation sample,Firm-Year,N,0.0,,N,0.0,,0.0,closed,,N
P65,Review of Finance,"Andreas G F Hoepner, Ioannis Oikonomou, Zacharias Sautner, Laura T Starks, Xiao Y Zhou, ESG shareholder engagement and downside risk, Review of Finance, Volume 28, Issue 2, March 2024, Pages 483–510, https://doi.org/10.1093/rof/rfad034",ESG engagement / downside risk / VaR,"Firm-level panel testing whether ESG shareholder engagements reduce downside risk (VaR, lower partial moments), built from a proprietary ESG engagement database from a large institutional investor (Federated Hermes) linked to CRSP/Compustat returns and RepRisk environmental incidents.",https://doi.org/10.1093/rof/rfad034,2024,Topic: Climate Transition Risk; Topic: ESG Disclosure; Topic: ESG Ratings; Topic: Social Factors; Topic: Governance,TRN; DIS; RAT; SOC; GOV,Climate Transition Risk & Corporate Emissions; ESG Disclosure & Ratings; Social & Governance,Standard Econometrics Accounting / Market Data,,ECON,Proprietary Database,Market Data,licensed only,2005,2019,2005–2019,15,5,Global,Global firms targeted by Federated Hermes ESG engagements,Firm-Year,N,0.0,,N,0.0,,0.0,closed,,N
P66,Review of Finance,"Runfeng Yang, Massimiliano Caporin, Juan-Angel Jiménez-Martin, Measuring Climate Transition Risk Spillovers, Review of Finance, Volume 28, Issue 2, March 2024, Pages 447–481, https://doi.org/10.1093/rof/rfad026",Transition risk spillovers / six markets / network,"Cross-country panel measuring climate transition risk spillovers among six major financial markets (US, Japan, China, plus three others), built from listed-firm equity returns and transition-risk shock proxies (e.g., carbon-intensive vs green portfolio returns), 2013–2021.",https://doi.org/10.1093/rof/rfad026,2024,Topic: Climate Transition Risk,TRN,Climate Transition Risk & Corporate Emissions,Standard Econometrics Accounting / Market Data,,ECON,Market Data,Proprietary Database,licensed only,2013,2021,2013–2021,9,3,Global,"Six major markets: USA (main contributor), Japan and China (net receivers), plus three others — verify exact list",Country-Year,N,0.0,,N,0.0,,0.0,closed,,Partial
P67,Review of Finance,"Audra Boone, Austin Starkweather, Joshua T White, The saliency of the CEO pay ratio, Review of Finance, Volume 28, Issue 3, May 2024, Pages 1059–1104, https://doi.org/10.1093/rof/rfad039",Theory / employee matching grants / charitable giving,"Theoretical model of corporate employee charitable matching grant schemes as a coordination device for public-good giving, motivated by US corporate giving statistics ($20.77B in 2017) and matching-grant prevalence among S&P 1500 firms; no novel empirical dataset.",https://doi.org/10.1093/rof/rfad039,2024,Topic: ESG Disclosure; Topic: Social Factors; Topic: Governance,DIS; SOC; GOV,ESG Disclosure & Ratings; Social & Governance,Other,,OTH,Other,,neither,2018,2021,2018–2021,4,3,US,US corporate giving and S&P 1500 firms (referenced in motivation only),Other,N,0.0,,N,0.0,,0.0,closed,,N
P68,Review of Finance,"Alexandre Garel, Arthur Romec, Zacharias Sautner, Alexander F Wagner, Do investors care about biodiversity?, Review of Finance, Volume 28, Issue 4, July 2024, Pages 1151–1186, https://doi.org/10.1093/rof/rfae010",Biodiversity / corporate biodiversity footprint (CBF) / pricing,"Firm-level panel testing whether investors price corporate biodiversity exposure, built around the Corporate Biodiversity Footprint (CBF) measure from Iceberg Data Lab — aggregating biodiversity loss from land use, GHG emissions, water and air pollution — merged with CRSP/Compustat returns and accounting data.",https://doi.org/10.1093/rof/rfae010,2024,Topic: Biodiversity & Nature; Topic: Corporate Emissions (Scope 1/2/3),BIO; EMI,Biodiversity & Nature; Climate Transition Risk & Corporate Emissions,Standard Econometrics Accounting / Market Data,,ECON,Proprietary Database,Market Data,licensed only,2018,2021,2018–2021,4,3,Global,Global firms with IDL CBF coverage,Firm-Year,N,0.0,,N,0.0,,0.0,closed,,N
P69,Review of Finance,"Roni Michaely, Guillem Ordonez-Calafi, Silvina Rubio, Mutual funds’ strategic voting on environmental and social issues, Review of Finance, Volume 28, Issue 5, September 2024, Pages 1575–1610, https://doi.org/10.1093/rof/rfae017",ES funds / strategic voting / proxy proposals,"Mutual fund-level analysis of strategic voting on environmental and social shareholder proposals, built from N-PX proxy voting filings, ISS Voting Analytics, CRSP/Morningstar mutual fund data, and Morningstar ESG fund classifications.",https://doi.org/10.1093/rof/rfae017,2024,Topic: ESG Disclosure; Topic: ESG Ratings; Topic: Social Factors,DIS; RAT; SOC,ESG Disclosure & Ratings; Social & Governance,Standard Econometrics Accounting / Market Data,,ECON,SEC Filings,Proprietary Database,licensed and public,2011,2021,2011–2021,11,3,US,US mutual funds voting on E&S shareholder proposals,Portfolio-Level,Raw Data,0.5,SEC N-PX filings: https://www.sec.gov/edgar,N,0.0,,0.25,minimally open,,Partial
P70,Review of Finance,"Amanda Heitz, Youan Wang, Zigan Wang, The power of the people: labor unions and corporate social responsibility, Review of Finance, Volume 28, Issue 6, November 2024, Pages 1833–1879, https://doi.org/10.1093/rof/rfae018",Labor unions / E&S scores / RDD,"Firm-level regression discontinuity design exploiting close labor union elections (NLRB) to identify causal effects of unionization on internal vs external E&S scores, merged with KLD/MSCI ESG ratings and CRSP/Compustat data, covering US firms.",https://doi.org/10.1093/rof/rfae018,2024,Topic: ESG Disclosure; Topic: ESG Ratings; Topic: Social Factors; Topic: Governance,DIS; RAT; SOC; GOV,ESG Disclosure & Ratings; Social & Governance,Standard Econometrics Accounting / Market Data,,ECON,Official Statistics,Proprietary Database,licensed and public,2002,2021,2002–2021,20,3,US,US public firms with NLRB union election events,Firm-Year,Raw Data,0.5,NLRB election data: https://www.nlrb.gov/reports/agency-performance/election-reports,N,0.0,,0.25,minimally open,,Partial
P71,Review of Finance,"Eliezer M Fich, Guosong Xu, Do salient climatic risks affect shareholder voting?, Review of Finance, Volume 29, Issue 2, March 2025, Pages 567–602, https://doi.org/10.1093/rof/rfaf003",Hurricanes / shareholder voting / E proposals,"Mutual fund-level analysis of 357,649 votes on environmental shareholder proposals, testing whether hurricane exposure at fund headquarter location increases support for E proposals; built from SEC N-PX filings, ISS Voting Analytics, NOAA hurricane data, and FEMA disaster declarations, covering US 2006–2020.",https://doi.org/10.1093/rof/rfaf003,2025,Topic: Climate Physical Risk; Topic: ESG Disclosure,PHY; DIS,Climate Physical Risk; ESG Disclosure & Ratings,Standard Econometrics Accounting / Market Data,,ECON,SEC Filings,Weather & Hazard,public only,2006,2020,2006–2020,15,5,US,"357,649 institutional votes on US environmental shareholder proposals; mutual funds in hurricane-affected US regions",Portfolio-Level,Raw Data,0.5,SEC N-PX: https://www.sec.gov/edgar; NOAA hurricanes: https://www.nhc.noaa.gov/data/; FEMA: https://www.fema.gov/openfema,N,0.0,,0.25,minimally open,,Partial
P72,Review of Finance,"Hao Liang, Cara Vansteenkiste, Disaster Relief, Inc.: when is corporate philanthropy good or bad for shareholders?, Review of Finance, Volume 29, Issue 3, May 2025, Pages 851–886, https://doi.org/10.1093/rof/rfaf007",Disaster relief donations / CARs / philanthropy,"Event-study of stock market reactions to 1,162 disaster relief donation announcements by publicly listed firms globally, computing cumulative abnormal returns (CARs) in narrow event windows, 2006–2018.",https://doi.org/10.1093/rof/rfaf007,2025,Topic: Climate Physical Risk; Topic: Social Factors,PHY; SOC,Climate Physical Risk; Social & Governance,Standard Econometrics Accounting / Market Data,,ECON,News & Media,Market Data,licensed only,2006,2018,2006–2018,13,7,Global,"1,162 disaster relief donation announcements from publicly listed firms worldwide",Other,N,0.0,,N,0.0,,0.0,closed,,Partial
P73,Review of Finance,"Alessandro Moro, Andrea Zaghini, The green sin: how exchange rate volatility and financial openness affect green premia, Review of Finance, Volume 29, Issue 4, July 2025, Pages 1189–1217, https://doi.org/10.1093/rof/rfaf024",Green bonds / FX volatility / financial openness,"Theoretical model with mean-variance foreign investors disinclined to hold brown bonds, plus empirical test using a global bond market dataset to show green premia are smaller in economies with more closed financial accounts and more volatile exchange rates.",https://doi.org/10.1093/rof/rfaf024,2025,Topic: Climate Transition Risk; Topic: Green Bonds & Sustainable Debt,TRN; GRB,Climate Transition Risk & Corporate Emissions; Green Bonds & Sustainable Debt,Other,Standard Econometrics Accounting / Market Data,OTH; ECON,Market Data,Official Statistics,licensed and public,2014,2021,2014–2021,8,4,Global,Global bond market dataset across multiple economies,Country-Year,N,0.0,,N,0.0,,0.0,closed,,N
P74,Review of Finance,"Lin William Cong, Yuanyu Qu, Guojun Wang, Blockchains for environmental monitoring: theory and empirical evidence from China, Review of Finance, Volume 29, Issue 5, September 2025, Pages 1303–1336, https://doi.org/10.1093/rof/rfaf033",Blockchain / environmental monitoring / China,"Theoretical model of regulator-firm strategic interactions plus firm-level empirical analysis of China's blockchain-based environmental monitoring system, using monitored emissions/pollution data and firm-level outcomes; identifies effects on industrial pollution, business relocation, and other socioeconomic outcomes.",https://doi.org/10.1093/rof/rfaf033,2025,Topic: Corporate Emissions (Scope 1/2/3),EMI,Climate Transition Risk & Corporate Emissions,Standard Econometrics Accounting / Market Data,Other,ECON; OTH,Official Statistics,Market Data,licensed and public,2018,2024,2018–2024,7,1,Asia-Pacific,China — exploits unique blockchain monitoring deployment with simultaneous cryptocurrency ban,Firm-Year,On Demand,0.25,gjwang@shnu.edu.cn,N,0.0,,0.125,closed,,Partial
P75,Review of Finance,"Jess Cornaggia, Yu-Hsuan (Jennifer) Liang, Peter Iliev, Qiang Wang, Biodiversity and local asset values, Review of Finance, Volume 30, Issue 1, January 2026, Pages 391–421, https://doi.org/10.1093/rof/rfaf051",Biodiversity / US property values / 58M transactions,"Property-level panel of more than 58 million US real estate transactions linking transaction prices to local biodiversity measures from CSIRO and regional species richness from NatureServe, decomposing local vs regional biodiversity effects on property values, 2000–2021.",https://academic.oup.com/rof/article/30/1/391/8286335#548122822,2026,Topic: Climate Physical Risk; Topic: Biodiversity & Nature,PHY; BIO,Biodiversity & Nature; Climate Physical Risk,Standard Econometrics Accounting / Market Data,,ECON,Proprietary Database,Official Statistics,licensed and public,2000,2021,2000–2021,22,5,US,~58 million US property transactions linked to county-level biodiversity measures,Asset-Level,On Demand,0.25,jnc29@psu.edu,N,0.0,,0.125,closed,,Partial
P76,Review of Finance,"Massimo Guidolin, Manuela Pedio, The pricing of biodiversity risk in commodity markets, Review of Finance, Volume 30, Issue 1, January 2026, Pages 351–389, https://doi.org/10.1093/rof/rfaf068",Commodities / biodiversity premium / agricultural,"Commodity-level panel testing whether biodiversity-related transition risk is priced in global commodity markets (especially agricultural), built from species-loss-per-harvested-land intensity metrics combined with Bloomberg/futures commodity price data; includes Kunming Declaration event study and aggregate cross-section asset pricing analysis.",https://academic.oup.com/rof/article/30/1/351/8316107,2026,Topic: Climate Transition Risk; Topic: Biodiversity & Nature,TRN; BIO,Biodiversity & Nature; Climate Transition Risk & Corporate Emissions,Standard Econometrics Accounting / Market Data,,ECON,Market Data,Official Statistics,licensed and public,2005,2022,2005–2022,18,4,Global,"Global commodity markets — agricultural commodities (palm oil, cocoa, coffee, etc.) emphasized",Other,Raw Data,0.5,https://jncc.gov.uk/resources/36b59d93-8487-471d-9428-bc3d7dff0423,N,0.0,,0.25,minimally open,,Partial
P77,Review of Finance,"Franklin Allen, Patrick Behr, Riccardo Cosenza, Eric Nowak, Do investors care about the rainforest? Evidence from voluntary carbon offsets around the world, Review of Finance, Volume 30, Issue 1, January 2026, Pages 321–349, https://doi.org/10.1093/rof/rfaf059",Voluntary carbon offsets / rainforest / global firms,"Firm-level analysis of voluntary carbon offset purchases targeting rainforest/forest projects, built from voluntary carbon market registries (Verra/Gold Standard) merged with global firm financials and emissions data, testing investor responses to firms' voluntary biodiversity-relevant offset disclosures.",https://academic.oup.com/rof/article/30/1/321/8362620,2026,Topic: Climate Transition Risk; Topic: ESG Disclosure; Topic: Biodiversity & Nature; Topic: Corporate Emissions (Scope 1/2/3),TRN; DIS; BIO; EMI,Biodiversity & Nature; Climate Transition Risk & Corporate Emissions; ESG Disclosure & Ratings,Standard Econometrics Accounting / Market Data,,ECON,Proprietary Database,Market Data,licensed only,2009,2024,2009–2024,16,2,Global,Global firms participating in voluntary carbon offset markets; rainforest/forest-focused projects,Firm-Year,Raw Data,0.5,voluntary Registry Offsets Database: https://gspp.berkeley.edu/berkeley-carbon-trading-project/offsets-database; Verra registry: https://registry.verra.org/; Gold Standard: https://registry.goldstandard.org/,N,0.0,,0.25,minimally open,,Partial
P78,Review of Finance,"Andre Poyser, Does financing biodiversity reduce biodiversity loss? Evidence from EU funding of science and innovation, Review of Finance, Volume 30, Issue 1, January 2026, Pages 273–319, https://doi.org/10.1093/rof/rfaf064",EU biodiversity funding / Horizon programs / project-level,"Project- and country-level analysis of EU biodiversity science and innovation funding (CORDIS Horizon 2020 / Horizon Europe), with funding allocations across UK (€695.12M, 16% of total), Norway (€386.30M), Portugal (€223.02M) and others, decomposed by ecosystem (terrestrial/marine/freshwater/subterranean); tests whether funding actually reduces biodiversity loss outcomes.",https://academic.oup.com/rof/article/30/1/273/8315367,2026,Topic: Biodiversity & Nature,BIO,Biodiversity & Nature,Standard Econometrics Accounting / Market Data,,ECON,Official Statistics,,public only,2003,2023,2003–2023,21,3,Europe,"EU + associated countries; UK, Norway, Portugal among top funders",Other,Y,1.0,https://researchbox.org/5014,Y,1.0,https://researchbox.org/5014,1.0,fully open,Tier 1,Y
P79,Review of Finance,"Alexandre Garel, Arthur Romec, Zacharias Sautner, Alexander Wagner, Firm-level nature dependence, Review of Finance, Volume 30, Issue 1, January 2026, Pages 231–272, https://doi.org/10.1093/rof/rfaf069",NatureDep scores / ecosystem services / firm exposure,"Firm-level panel introducing new ""NatureDep"" measures of corporate dependence on ecosystem services (built by mapping industry-level nature dependence to firms via NACE/GICS codes), merged with CRSP/Compustat or international equivalents and tested for asset-pricing implications.",https://academic.oup.com/rof/article/30/1/231/8316106,2026,Topic: Climate Physical Risk; Topic: Biodiversity & Nature,PHY; BIO,Biodiversity & Nature; Climate Physical Risk,Standard Econometrics Accounting / Market Data,,ECON,Proprietary Database,Market Data,licensed only,2010,2023,2010–2023,14,3,Global,Global firms with industry classification + market data coverage,Firm-Year,Raw Data,0.5,ENCORE Natural Capital Finance Alliance): https://www.encorenature.org/en,N,0.0,,0.25,minimally open,,Partial
P80,Review of Finance,"Amir Akbari, Lilian Ng, Man Duy (Marty) Pham, Jing Yu, The real effects of protecting biodiversity, Review of Finance, Volume 30, Issue 1, January 2026, Pages 193–230, https://doi.org/10.1093/rof/rfaf055",Protected areas / Kunming-Montreal / firm corporate behavior,"Firm-level panel testing how the designation of new protected areas — motivated by the COP15 Kunming-Montreal ""30 by 30"" target — affects corporate behavior and financial performance for firms operating near newly protected ecosystems, built from World Database on Protected Areas (WDPA) merged with global firm-level financials.",https://academic.oup.com/rof/article/30/1/193/8304741,2026,Topic: Climate Transition Risk; Topic: Biodiversity & Nature,TRN; BIO,Biodiversity & Nature; Climate Transition Risk & Corporate Emissions,Standard Econometrics Accounting / Market Data,,ECON,Official Statistics,Market Data,licensed and public,1990,2021,1990–2021,32,5,US,Global firms operating near (newly) protected biodiversity areas,Firm-Year,Y,1.0,Corporate Biodiversity Exposure measures: https://docs.google.com/spreadsheets/d/1Lz3FSaHMt36nuq82qmg9DWtWYxslPMYH/edit?pli=1&gid=1092822974#gid=1092822974,N,0.0,,0.5,partly open,Tier 3,Partial
P81,Review of Finance,"Stefano Giglio, Theresa Kuchler, Johannes Stroebel, Xuran Zeng, Biodiversity risk, Review of Finance, Volume 30, Issue 1, January 2026, Pages 131–161, https://doi.org/10.1093/rof/rfaf063",Biodiversity risk indices / news + 10-K + survey,"Multi-source biodiversity risk dataset: aggregate news-based biodiversity risk index from NYT and other media; firm- and industry-level exposure measures from (1) textual analysis of 10-K filings, (2) holdings of biodiversity-related funds, (3) firms' CDP questionnaire responses, and (4) a large survey of finance professionals/regulators/academics.",https://academic.oup.com/rof/article/30/1/131/8307061,2026,Topic: Climate Transition Risk; Topic: Biodiversity & Nature,TRN; BIO,Biodiversity & Nature; Climate Transition Risk & Corporate Emissions,NLP / Textual Analysis,Survey Instrument,NLP; SURV,News & Media,SEC Filings,licensed and public,2010,2023,2010–2023,14,3,Global,"Aggregate (news indices) + firm/industry-level (10-K, fund holdings, CDP); global with US emphasis",Firm-Year,Y,1.0,https://www.biodiversityrisk.org/download/,N,0.0,,0.5,partly open,Tier 3,Y
P82,Review of Finance,"Teng Liu, Brook Constantz, Galina Hale, Michael W Beck, Financial value of nature: coastal housing markets, mangroves, and climate resilience, Review of Finance, Volume 30, Issue 1, January 2026, Pages 87–129, https://doi.org/10.1093/rof/rfaf061",Mangroves / coastal housing prices / climate resilience,"Property-level panel testing whether mangrove ecosystem services are capitalized into coastal housing prices, built from real estate transaction data linked to mangrove coverage maps (likely Global Mangrove Watch or NASA satellite data) and storm/hurricane hazard exposure data.",https://academic.oup.com/rof/article/30/1/87/8304747,2026,Topic: Climate Transition Risk; Topic: Biodiversity & Nature,TRN; BIO,Biodiversity & Nature; Climate Transition Risk & Corporate Emissions,NLP / Textual Analysis,Survey Instrument,NLP; SURV,News & Media,SEC Filings,licensed and public,1993,2019,1993–2019,27,7,US,"Aggregate (news indices) + firm/industry-level (10-K, fund holdings, CDP); global with US emphasis",Firm-Year,Y,1.0,https://github.com/tengtedliu/financial_value_of_nature_mangrove,Y,1.0,https://github.com/tengtedliu/financial_value_of_nature_mangrove,1.0,fully open,Tier 1,Y
P83,Review of Finance,"Sean Shun Cao, G Andrew Karolyi, William W Xiong, Hui Xu, Biodiversity entrepreneurship, Review of Finance, Volume 30, Issue 1, January 2026, Pages 43–86, https://doi.org/10.1093/rof/rfaf062",Biodiversity startups / PitchBook / LLM classification,"Startup-level analysis of 630 biodiversity-linked startups identified by fine-tuning a large language model (LLM) on PitchBook venture data, comparing financing dynamics with non-biodiversity ventures and analyzing the role of Twitter/X social media activity in attracting ""value"" vs ""values"" investors.",https://academic.oup.com/rof/article/30/1/43/8303924,2026,Topic: Biodiversity & Nature,BIO,Biodiversity & Nature,NLP / Textual Analysis,Machine Learning (non-NLP),NLP; ML,Proprietary Database,Social Media,licensed only,2010,2023,2010–2023,14,3,Global,630 biodiversity-linked startups identified globally via PitchBook,Other,N,0.0,,N,0.0,,0.0,closed,,Partial
P84,Review of Finance,"Snorre Gjerde, Zacharias Sautner, Alexander F Wagner, Alexis Wegerich, Corporate nature risk perceptions, Review of Finance, Volume 30, Issue 1, January 2026, Pages 11–42, https://doi.org/10.1093/rof/rfaf050",Nature risk / earnings calls / textual measure,"Firm-level panel of corporate nature/biodiversity risk perceptions constructed via NLP analysis of earnings call transcripts (and likely 10-K filings), separating physical from transition nature risks, merged with firm financial and market data.",https://academic.oup.com/rof/article/30/1/11/8322449,2026,Topic: Climate Physical Risk; Topic: Climate Transition Risk; Topic: Biodiversity & Nature,PHY; TRN; BIO,Biodiversity & Nature; Climate Physical Risk; Climate Transition Risk & Corporate Emissions,NLP / Textual Analysis,,NLP,Earnings Call transcripts,Market Data,licensed only,2025,2025,2025–2025,1,1,Global,Global firms with earnings call transcript coverage,Firm-Year,N,0.0,,N,0.0,,0.0,closed,,Y
P85,Review of Finance,"René Bernard, Panagiota Tzamourani, Michael Weber, Climate change and individual behavior, Review of Finance, Volume 30, Issue 2, March 2026, Pages 571–596, https://doi.org/10.1093/rof/rfaf053",Information experiment / WTP CO2 offsets / green investment,"Individual-level information-provision experiment embedded in a German Bundesbank household survey, testing causal effects of climate-information treatments on willingness to pay for CO2 offsets, willingness to invest in green assets, and downstream information-acquisition behavior.",https://academic.oup.com/rof/article/30/2/571/8381550,2026,Topic: Climate Transition Risk; Topic: Biodiversity & Nature; Topic: Green Bonds & Sustainable Debt,TRN; BIO; GRB,Biodiversity & Nature; Climate Transition Risk & Corporate Emissions; Green Bonds & Sustainable Debt,Experiment,Survey Instrument,EXP; SURV,Survey Data,,neither,2020,2024,2020–2024,5,2,Europe,German household survey panel,Other,On Demand,0.25,The data underlying this article can be; made available for academic research projects by the Research Data and Service Centre of the Deutsche Bundesbank.,N,0.0,,0.125,closed,,Y
P86,Review of Finance,"Zoey Yiyuan Zhou, Douglas Almond, Biodiversity co-benefits in carbon markets? Evidence from voluntary offset projects, Review of Finance, Volume 30, Issue 2, March 2026, Pages 537–570, https://doi.org/10.1093/rof/rfaf066",Voluntary carbon offsets / habitat quality / satellite,"Project-level analysis of ~30,000 voluntary carbon offset projects (~2,700 with mapped spatial boundaries) and 419,000+ credit retirements, linking registry records (Verra, Gold Standard, etc.) to satellite-derived habitat indicators (Human Influence Index, Biodiversity Habitat Index, BERI) to test claimed biodiversity co-benefits.",https://academic.oup.com/rof/article/30/2/537/8317468,2026,Topic: Climate Transition Risk; Topic: Biodiversity & Nature,TRN; BIO,Biodiversity & Nature; Climate Transition Risk & Corporate Emissions,Satellite & Remote Sensing,Standard Econometrics Accounting / Market Data,SAT; ECON,Satellite Imagery,Proprietary Database,licensed and public,2000,2023,2000–2023,24,3,Global,"~30,000 voluntary carbon offset projects globally; ~2,700 with spatial boundaries",Asset-Level,Raw Data,0.5,Verra: https://registry.verra.org/; HII via SEDAC/CIESIN: https://sedac.ciesin.columbia.edu/,N,0.0,,0.25,minimally open,,Partial
P87,Review of Finance,"Markus Leippold, Tingyu Yu, Firm-level green innovation beyond patents, Review of Finance, Volume 30, Issue 2, March 2026, Pages 423–458, https://doi.org/10.1093/rof/rfaf058",Green innovation / textual measure / beyond patents,"Firm-level panel constructing new measures of green innovation that capture commercialization and adoption (not just patent invention), built via NLP/textual analysis of corporate disclosures and other text sources, merged with patent data and standard firm financials.",https://academic.oup.com/rof/article/30/2/423/8304746,2026,Topic: Climate Transition Risk; Topic: Corporate Emissions (Scope 1/2/3),TRN; EMI,Climate Transition Risk & Corporate Emissions,NLP / Textual Analysis,Standard Econometrics Accounting / Market Data,NLP; ECON,Earnings Call transcripts,Market Data,licensed only,2006,2022,2006–2022,17,4,US,US-listed firms,Firm-Year,Raw Data,0.5,USPTO/Google Patents are public; SEC EDGAR filings are public,Partial,0.5,climate bert: https://www.chatclimate.ai/climatebert,0.5,partly open,,Partial
P88,Review of Financial Studies,"Sophie A Shive, Margaret M Forster, Corporate Governance and Pollution Externalities of Public and Private Firms, The Review of Financial Studies, Volume 33, Issue 3, March 2020, Pages 1296–1330, https://doi.org/10.1093/rfs/hhz079",Pollution externalities / public vs private firms,"Firm-level comparison of toxic/greenhouse pollution by public vs private US firms, built from EPA emissions data (Greenhouse Gas Reporting Program, Toxic Release Inventory) linked to firm ownership and financial data.",https://doi.org/10.1093/rfs/hhz079,2020,Topic: Corporate Emissions (Scope 1/2/3); Topic: Governance,EMI; GOV,Climate Transition Risk & Corporate Emissions; Social & Governance,Standard Econometrics Accounting / Market Data,,ECON,Official Statistics,Proprietary Database,licensed and public,2007,2016,2007–2016,10,4,US,US public and private firms with EPA-reported facilities,Firm-Year,Raw Data,0.5,EPA GHGRP: https://www.epa.gov/ghgreporting; TRI: https://www.epa.gov/toxics-release-inventory-tri-program,N,0.0,,0.25,minimally open,,Partial
P89,Review of Financial Studies,"Markus Baldauf, Lorenzo Garlappi, Constantine Yannelis, Does Climate Change Affect Real Estate Prices? Only If You Believe In It, The Review of Financial Studies, Volume 33, Issue 3, March 2020, Pages 1256–1295, https://doi.org/10.1093/rfs/hhz073",Climate beliefs / house prices / sea-level rise,"Property-level study of whether US coastal house prices reflect climate-change beliefs, pairing real-estate transaction data with local climate-opinion measures (Yale Climate Opinion Maps) and sea-level-rise/flood exposure; includes an equilibrium housing-sorting model.",https://doi.org/10.1093/rfs/hhz073,2020,Topic: Climate Physical Risk,PHY,Climate Physical Risk,Standard Econometrics Accounting / Market Data,Other,ECON; OTH,Proprietary Database,Survey Data,licensed only,1997,2017,1997–2017,21,3,US,US coastal housing markets,Asset-Level,Raw Data,0.5,Yale Climate Opinion Maps: https://climatecommunication.yale.edu/visualizations-data/ycom-us/; Air temp and heat index: https://wonder.cdc.gov/nasa-nldas.html,N,0.0,,0.25,minimally open,,Partial
P90,Review of Financial Studies,"Justin Murfin, Matthew Spiegel, Is the Risk of Sea Level Rise Capitalized in Residential Real Estate?, The Review of Financial Studies, Volume 33, Issue 3, March 2020, Pages 1217–1255, https://doi.org/10.1093/rfs/hhz134",Sea-level rise / coastal home prices / inundation,"Property-level study comparing coastal home prices by inundation threshold under sea-level-rise projections, built from a comprehensive coastal home-sales database merged with NOAA elevation-relative-to-tide data.",https://doi.org/10.1093/rfs/hhz134,2020,Topic: Climate Physical Risk,PHY,Climate Physical Risk,Standard Econometrics Accounting / Market Data,,ECON,Proprietary Database,Weather & Hazard,licensed and public,2014,2017,2014–2017,4,3,US,US coastal residential properties,Asset-Level,Raw Data,0.5,NOAA SLR/elevation: https://coast.noaa.gov/slr/,N,0.0,,0.25,minimally open,,Partial
P91,Review of Financial Studies,"Robert F Engle, Stefano Giglio, Bryan Kelly, Heebum Lee, Johannes Stroebel, Hedging Climate Change News, The Review of Financial Studies, Volume 33, Issue 3, March 2020, Pages 1184–1216, https://doi.org/10.1093/rfs/hhz072",Climate news index / hedge portfolios / textual analysis,"Construction of climate-change news indices via textual analysis of newspapers (WSJ and a Crimson Hexagon news corpus), then mimicking-portfolio hedge construction disciplined by third-party ESG scores; authors publicly release the climate news series.",https://doi.org/10.1093/rfs/hhz072,2020,Topic: Climate Transition Risk; Topic: ESG Disclosure,TRN; DIS,Climate Transition Risk & Corporate Emissions; ESG Disclosure & Ratings,NLP / Textual Analysis,Standard Econometrics Accounting / Market Data,NLP; ECON,News & Media,Market Data,licensed only,1984,2018,1984–2018,35,2,US,US equities; news-based aggregate climate risk series,Portfolio-Level,Y,1.0,https://drive.google.com/file/d/1pCHmcebmOwrVCFim78ALhB51c3h1qt2T/view?pli=1,N,0.0,,0.5,partly open,Tier 3,Y
P92,Review of Financial Studies,"Darwin Choi, Zhenyu Gao, Wenxi Jiang, Attention to Global Warming, The Review of Financial Studies, Volume 33, Issue 3, March 2020, Pages 1112–1145, https://doi.org/10.1093/rfs/hhz086",Attention (Google search) / temperature / carbon returns,"International study linking abnormally warm local temperatures to climate-change attention (Google search volume) and to underperformance of carbon-intensive stocks, combining Google Trends, weather/temperature data, and equity returns.",https://doi.org/10.1093/rfs/hhz086,2020,Topic: Climate Physical Risk; Topic: Climate Transition Risk,PHY; TRN,Climate Physical Risk; Climate Transition Risk & Corporate Emissions,Standard Econometrics Accounting / Market Data,,ECON,Other,Weather & Hazard,public only,1973,2017,1973–2017,45,3,Global,International cities/markets,Other,Raw Data,0.5,Google Trends: https://trends.google.com/; ISD temperature Data: https://www.ncei.noaa.gov/products/land-based-station/integrated-surface-database,N,0.0,,0.25,minimally open,,Partial
P93,Review of Financial Studies,"Emirhan Ilhan, Zacharias Sautner, Grigory Vilkov, Carbon Tail Risk, The Review of Financial Studies, Volume 34, Issue 3, March 2021, Pages 1540–1571, https://doi.org/10.1093/rfs/hhaa071",Carbon tail risk / option-implied / climate policy uncertainty,"Firm-level study showing option-implied downside tail risk is larger for carbon-intensive firms, combining OptionMetrics option prices, firm carbon intensity (vendor emissions), and climate-attention proxies.",https://doi.org/10.1093/rfs/hhaa071,2021,Topic: Climate Transition Risk; Topic: Corporate Emissions (Scope 1/2/3),TRN; EMI,Climate Transition Risk & Corporate Emissions,Standard Econometrics Accounting / Market Data,,ECON,Market Data,Proprietary Database,licensed only,2009,2016,2009–2016,8,5,US,US optionable firms,Firm-Year,N,0.0,,N,0.0,,0.0,closed,,N
P94,Review of Financial Studies,"Stefano Giglio, Matteo Maggiori, Krishna Rao, Johannes Stroebel, Andreas Weber, Climate Change and Long-Run Discount Rates: Evidence from Real Estate, The Review of Financial Studies, Volume 34, Issue 8, August 2021, Pages 3527–3571, https://doi.org/10.1093/rfs/hhab032",Long-run discount rates / leaseholds vs freeholds,"Estimates the term structure of discount rates for very-long-horizon (climate) payoffs by exploiting the price gap between leasehold and freehold residential properties, using UK Land Registry transactions and Singapore housing data.",https://doi.org/10.1093/rfs/hhab032,2021,Topic: Climate Physical Risk; Topic: Green Bonds & Sustainable Debt,PHY; GRB,Climate Physical Risk; Green Bonds & Sustainable Debt,Standard Econometrics Accounting / Market Data,,ECON,Official Statistics,Proprietary Database,licensed and public,2008,2017,2008–2017,10,4,Europe,UK (main) and Singapore residential property,Asset-Level,Raw Data,0.5,UK Land Registry Price Paid: https://www.gov.uk/government/collections/price-paid-data,Y,1.0,https://dataverse.harvard.edu/dataset.xhtml?persistentId=doi:10.7910/DVN/PNHXF6,0.75,mostly open,,Partial
P95,Review of Financial Studies,"Rob Bauer, Tobias Ruof, Paul Smeets, Get Real! Individuals Prefer More Sustainable Investments, The Review of Financial Studies, Volume 34, Issue 8, August 2021, Pages 3976–4043, https://doi.org/10.1093/rfs/hhab037",Sustainable investing preferences / pension field experiment,"Field experiment with real financial stakes among members of a Dutch pension fund, combining an incentivized vote and surveys to measure individuals' preferences for sustainable investments.",https://doi.org/10.1093/rfs/hhab037,2021,Topic: ESG Disclosure; Topic: Social Factors,DIS; SOC,ESG Disclosure & Ratings; Social & Governance,Experiment,Survey Instrument,EXP; SURV,Survey Data,,neither,2018,2020,2018–2020,3,1,Europe,Netherlands — pension fund membership,Other,N,0.0,,N,0.0,,0.0,closed,,N
P96,Review of Financial Studies,"Ravi Bansal, Di (Andrew) Wu, Amir Yaron, Socially Responsible Investing in Good and Bad Times, The Review of Financial Studies, Volume 35, Issue 4, April 2022, Pages 2067–2099, https://doi.org/10.1093/rfs/hhab072",SRI returns / business cycle / wealth-dependent preferences,"Time-varying analysis of SRI abnormal returns over the business cycle, using portfolio regressions and event studies on analyst ESG ratings, firm announcements, and realized ESG incidents linked to market data.",https://doi.org/10.1093/rfs/hhab072,2022,Topic: ESG Disclosure; Topic: ESG Ratings,DIS; RAT,ESG Disclosure & Ratings,Standard Econometrics Accounting / Market Data,,ECON,Proprietary Database,Market Data,licensed only,1993,2013,1993–2013,21,9,US,US equities,Portfolio-Level,N,0.0,,N,0.0,,0.0,closed,,N
P97,Review of Financial Studies,"Joel F Houston, Hongyu Shan, Corporate ESG Profiles and Banking Relationships, The Review of Financial Studies, Volume 35, Issue 7, July 2022, Pages 3373–3417, https://doi.org/10.1093/rfs/hhab125",Bank-borrower ESG matching / lending,"Loan-level study showing banks lend to borrowers with similar ESG profiles and influence borrowers' subsequent ESG performance, combining DealScan syndicated-loan data with bank and borrower ESG ratings and financials.",https://doi.org/10.1093/rfs/hhab125,2022,Topic: ESG Disclosure; Topic: ESG Ratings; Topic: Governance,DIS; RAT; GOV,ESG Disclosure & Ratings; Social & Governance,Standard Econometrics Accounting / Market Data,,ECON,Proprietary Database,Market Data,licensed only,2007,2017,2007–2017,11,5,US,US (and global) bank-borrower pairs,Firm-Year,N,0.0,,N,0.0,,0.0,closed,,N
P98,Review of Financial Studies,"Laura A Bakkensen, Lint Barrage, Going Underwater? Flood Risk Belief Heterogeneity and Coastal Home Price Dynamics, The Review of Financial Studies, Volume 35, Issue 8, August 2022, Pages 3666–3709, https://doi.org/10.1093/rfs/hhab122",Flood-risk beliefs / coastal home prices / survey,"Dynamic housing-market model plus a door-to-door survey in Rhode Island measuring flood-risk beliefs, combined with coastal property transactions and FEMA flood-risk maps to study capitalization of flood risk.",https://doi.org/10.1093/rfs/hhab122,2022,Topic: Climate Physical Risk,PHY,Climate Physical Risk,Satellite & Remote Sensing,Survey Instrument,SAT; SURV,Survey Data,Weather & Hazard,public only,2017,2017,2017–2017,1,5,US,US coastal — Rhode Island survey site,Asset-Level,Raw Data,0.5,FEMA flood maps: https://www.fema.gov/flood-maps/national-flood-hazard-layer,N,0.0,,0.25,minimally open,,Partial
P99,Review of Financial Studies,"Emily A Gallagher, Stephen B Billings, Lowell R Ricketts, Human Capital Investment after the Storm, The Review of Financial Studies, Volume 36, Issue 7, July 2023, Pages 2651–2684, https://doi.org/10.1093/rfs/hhad003",Natural disasters / human capital / household finance,"Study of how natural-disaster (storm) exposure affects household human-capital investment, combining FEMA disaster declarations with individual-level education/financial-aid and credit-bureau data.",https://doi.org/10.1093/rfs/hhad003,2023,Topic: Climate Physical Risk; Topic: Social Factors,PHY; SOC,Climate Physical Risk; Social & Governance,Standard Econometrics Accounting / Market Data,Satellite & Remote Sensing,ECON; SAT,Weather & Hazard,Official Statistics,public only,2015,2021,2015–2021,7,2,US,US disaster-affected areas / individuals,Other,Raw Data,0.5,https://dataverse.harvard.edu/dataset.xhtml?persistentId=doi:10.7910/DVN/1W1NPW,Y,1.0,https://dataverse.harvard.edu/dataset.xhtml?persistentId=doi:10.7910/DVN/1W1NPW,0.75,mostly open,,Partial
P100,Review of Financial Studies,"Emirhan Ilhan, Philipp Krueger, Zacharias Sautner, Laura T Starks, Climate Risk Disclosure and Institutional Investors, The Review of Financial Studies, Volume 36, Issue 7, July 2023, Pages 2617–2650, https://doi.org/10.1093/rfs/hhad002",Climate disclosure demand / institutional investors / survey,"Survey of institutional investors plus observational holdings analysis showing investors value and demand climate-risk disclosure, linking the survey to 13F holdings and CDP climate-disclosure data.",https://doi.org/10.1093/rfs/hhad002,2023,Topic: Climate Transition Risk; Topic: ESG Disclosure,TRN; DIS,Climate Transition Risk & Corporate Emissions; ESG Disclosure & Ratings,Survey Instrument,Standard Econometrics Accounting / Market Data,SURV; ECON,Survey Data,CDP Reports,public only,2010,2019,2010–2019,10,4,Global,Global institutional investors,Firm-Year,Raw Data,0.5,13F via SEC EDGAR: https://www.sec.gov/edgar/search/,N,0.0,,0.25,minimally open,,Partial
P101,Review of Financial Studies,"Joseph Engelberg, Matthew Henriksson, Asaf Manela, Jared Williams, The Partisanship of Financial Regulators, The Review of Financial Studies, Volume 36, Issue 11, November 2023, Pages 4373–4416, https://doi.org/10.1093/rfs/hhad029",Regulator partisanship / ML text / SEC & Fed,"Machine-learning textual analysis identifying partisan phrases (e.g., ""red tape,"" ""climate change"") in Congress and measuring their usage by SEC Commissioners and Federal Reserve Governors, 1930-2019.",https://doi.org/10.1093/rfs/hhad029,2023,Topic: Governance,GOV,Social & Governance,NLP / Textual Analysis,,NLP,Other,,neither,1930,2019,1930–2019,90,4,US,"US financial regulators (SEC, Federal Reserve), 1930-2019",Document-Level,Y,1.0,https://dataverse.harvard.edu/dataset.xhtml?persistentId=doi:10.7910/DVN/UTMICU,Y,1.0,https://dataverse.harvard.edu/dataset.xhtml?persistentId=doi:10.7910/DVN/UTMICU,1.0,fully open,Tier 1,Y
P102,Review of Financial Studies,"Paul Goldsmith-Pinkham, Matthew T Gustafson, Ryan C Lewis, Michael Schwert, Sea-Level Rise Exposure and Municipal Bond Yields, The Review of Financial Studies, Volume 36, Issue 11, November 2023, Pages 4588–4635, https://doi.org/10.1093/rfs/hhad041",Sea-level rise / municipal bond yields,"Study of whether municipal-bond yields price sea-level-rise exposure, combining municipal-bond transaction/yield data with property-level sea-level-rise exposure measures (Climate Central / NOAA).",https://doi.org/10.1093/rfs/hhad041,2023,Topic: Climate Physical Risk; Topic: Green Bonds & Sustainable Debt,PHY; GRB,Climate Physical Risk; Green Bonds & Sustainable Debt,Standard Econometrics Accounting / Market Data,Satellite & Remote Sensing,ECON; SAT,Market Data,Weather & Hazard,licensed and public,2001,2017,2001–2017,17,6,US,US municipal issuers in coastal areas,Asset-Level,Raw Data,0.5,Climate Central surging-seas / NOAA SLR public; MSRB EMMA: https://emma.msrb.org/,Y,1.0,https://dataverse.harvard.edu/dataset.xhtml?persistentId=doi:10.7910/DVN/W5HTWA,0.75,mostly open,,Partial
P103,Review of Financial Studies,"Ivan T Ivanov, Mathias S Kruttli, Sumudu W Watugala, Banking on Carbon: Corporate Lending and Cap-and-Trade Policy, The Review of Financial Studies, Volume 37, Issue 5, May 2024, Pages 1640–1684, https://doi.org/10.1093/rfs/hhad085",Cap-and-trade / bank credit / emitters,"Estimates the effect of carbon-pricing policy on bank credit to emitting firms, exploiting geographic restrictions in California's cap-and-trade program and a free-permit-threshold discontinuity in the federal Waxman-Markey bill, using syndicated-loan, EPA emissions, and regulatory data.",https://doi.org/10.1093/rfs/hhad085,2024,Topic: Climate Transition Risk; Topic: Green Bonds & Sustainable Debt; Topic: Corporate Emissions (Scope 1/2/3),TRN; GRB; EMI,Climate Transition Risk & Corporate Emissions; Green Bonds & Sustainable Debt,Standard Econometrics Accounting / Market Data,,ECON,Proprietary Database,Official Statistics,licensed and public,2009,2023,2009–2023,15,1,US,US emitting firms; California cap-and-trade setting,Firm-Year,Raw Data,0.5,EPA GHGRP: https://www.epa.gov/ghgreporting; SNC data: https://www.federalreserve.gov/data.htm,Y,1.0,https://dataverse.harvard.edu/dataset.xhtml?persistentId=doi:10.7910/DVN/RR86M2,0.75,mostly open,,Partial
P104,Review of Financial Studies,"Nora M C Pankratz, Christoph M Schiller, Climate Change and Adaptation in Global Supply-Chain Networks, The Review of Financial Studies, Volume 37, Issue 6, June 2024, Pages 1729–1777, https://doi.org/10.1093/rfs/hhad093",Heat exposure / supply chains / adaptation,"Study of how supplier heat exposure reduces supplier and customer operating income and triggers supplier-relationship termination, combining FactSet Revere supply-chain links with firm financials and local temperature/heat-exposure data.",https://doi.org/10.1093/rfs/hhad093,2024,Topic: Climate Physical Risk,PHY,Climate Physical Risk,Standard Econometrics Accounting / Market Data,Satellite & Remote Sensing,ECON; SAT,Proprietary Database,Weather & Hazard,licensed and public,2003,2016,2003–2016,14,8,Global,Global supplier-customer firm pairs,Firm-Year,Raw Data,0.5,Weather/temperature data public; FactSet Revere supply-chain data proprietary,Y,1.0,https://dataverse.harvard.edu/file.xhtml?fileId=7622069&version=1.0,0.75,mostly open,,Partial
P105,Review of Financial Studies,"Gustav Martinsson, László Sajtos, Per Strömberg, Christian Thomann, The Effect of Carbon Pricing on Firm Emissions: Evidence from the Swedish CO2 Tax, The Review of Financial Studies, Volume 37, Issue 6, June 2024, Pages 1848–1886, https://doi.org/10.1093/rfs/hhad097",Swedish CO2 tax / firm emissions elasticity,"Estimates the emission-to-carbon-price elasticity using a unique 26-year panel of CO2 emissions for Swedish manufacturing firms (administrative registers), exploiting Sweden's 1991 carbon tax and firm-level financial/abatement heterogeneity.",https://doi.org/10.1093/rfs/hhad097,2024,Topic: Climate Transition Risk; Topic: Corporate Emissions (Scope 1/2/3),TRN; EMI,Climate Transition Risk & Corporate Emissions,Standard Econometrics Accounting / Market Data,Regulatory Filing Parsing,ECON; FILE,Official Statistics,Proprietary Database,licensed and public,1990,2015,1990–2015,26,9,Europe,Sweden — manufacturing firms; carbon tax since 1991 ([VERIFY] exact sample years),Firm-Year,Partial,0.75,https://dataverse.harvard.edu/dataset.xhtml?persistentId=doi:10.7910/DVN/9NWRW8,Y,1.0,https://dataverse.harvard.edu/dataset.xhtml?persistentId=doi:10.7910/DVN/9NWRW8,0.875,mostly open,Tier 2,Partial
P106,Review of Financial Studies,"Michael LaCour-Little, Andrey Pavlov, Susan Wachter, Adverse Selection and Climate Risk: A Response to , The Review of Financial Studies, Volume 37, Issue 6, June 2024, Pages 1831–1847, https://doi.org/10.1093/rfs/hhad072",Adverse selection / climate risk / mortgage securitization (replication),"Replication/comment re-examining Ouazad & Kahn (2022): correcting the FHFA conforming-loan-limit construction reverses the original adverse-selection result, finding no evidence that lenders transfer climate risk via loan origination/securitization. Built from HMDA mortgage data, FHFA conforming loan limits, flood-zone designations, and GSE securitization data.",https://doi.org/10.1093/rfs/hhad072,2024,Topic: Climate Physical Risk,PHY,Climate Physical Risk,Standard Econometrics Accounting / Market Data,Satellite & Remote Sensing,ECON; SAT,Official Statistics,Weather & Hazard,public only,1995,2020,1995–2020,26,4,US,US mortgage markets; replication of Ouazad & Kahn (2022),Other,Raw Data,0.5,https://dataverse.harvard.edu/dataset.xhtml?persistentId=doi:10.7910/DVN/ABVAYZ,Y,1.0,https://dataverse.harvard.edu/dataset.xhtml?persistentId=doi:10.7910/DVN/ABVAYZ,0.75,mostly open,,Y
P107,Review of Financial Studies,"Qing Li, Hongyu Shan, Yuehua Tang, Vincent Yao, Corporate Climate Risk: Measurements and Responses, The Review of Financial Studies, Volume 37, Issue 6, June 2024, Pages 1778–1830, https://doi.org/10.1093/rfs/hhad094",Climate risk measure / earnings calls / physical vs transition,"Constructs firm-level physical and transition climate-risk measures via textual analysis of earnings-call transcripts using purpose-built dictionaries, and links them to firms' proactive climate responses and financials.",https://doi.org/10.1093/rfs/hhad094,2024,Topic: Climate Physical Risk; Topic: Climate Transition Risk,PHY; TRN,Climate Physical Risk; Climate Transition Risk & Corporate Emissions,NLP / Textual Analysis,Standard Econometrics Accounting / Market Data,NLP; ECON,Earnings Call transcripts,Market Data,licensed only,2002,2018,2002–2018,17,6,US,US (and global) firms with earnings-call coverage,Firm-Year,N,0.0,,Y,1.0,https://dataverse.harvard.edu/dataset.xhtml?persistentId=doi:10.7910/DVN/9DROKJ,0.5,partly open,,Partial
P108,Review of Financial Studies,"Michelle Lowry, Pingle Wang, Kelsey D Wei, Are All ESG Funds Created Equal? Only Some Funds Are Committed, The Review of Financial Studies, Volume 39, Issue 1, January 2026, Pages 79–113, https://doi.org/10.1093/rfs/hhaf084",Committed vs uncommitted ESG funds / engagement,"Compares ESG mutual funds with similar ESG holdings but different incentives to engage, showing ""committed"" ESG funds do more ESG information acquisition, longer-horizon investing, and more intense engagement with greater real impact; built from fund holdings, ESG fund classifications, and engagement/information-acquisition data.",https://doi.org/10.1093/rfs/hhaf084,2025,Topic: ESG Disclosure; Topic: ESG Ratings; Topic: Governance,DIS; RAT; GOV,ESG Disclosure & Ratings; Social & Governance,Standard Econometrics Accounting / Market Data,,ECON,Proprietary Database,Market Data,licensed only,2013,2020,2013–2020,8,5,US,US ESG mutual funds,Portfolio-Level,N,0.0,,Y,1.0,https://dataverse.harvard.edu/dataset.xhtml?persistentId=doi:10.7910/DVN/FTPRYX,0.5,partly open,,N
P109,Review of Financial Studies,"Tuomas Tomunen, Failure to Share Natural Disaster Risk, The Review of Financial Studies, Volume 39, Issue 3, March 2026, Pages 661–701, https://doi.org/10.1093/rfs/hhaf055",Catastrophe bonds / natural disaster risk / intermediary asset pricing,"Intermediary asset-pricing study of catastrophe (cat) bonds whose payoffs are linked to natural disasters, showing ~71% of cross-sectional variation in cat-bond expected returns is explained by a theoretically motivated measure of intermediaries' marginal utility; built from a security-level catastrophe-bond database with secondary-market trading data.",https://doi.org/10.1093/rfs/hhaf055,2026,Topic: Climate Physical Risk; Topic: Green Bonds & Sustainable Debt,PHY; GRB,Climate Physical Risk; Green Bonds & Sustainable Debt,Standard Econometrics Accounting / Market Data,,ECON,Proprietary Database,Market Data,licensed only,1997,2018,1997–2018,22,8,Global,"Global catastrophe-bond market (US-peril heavy); RFS Vol 39(3), 2026, pp.661-701",Asset-Level,Partial,0.75,https://dataverse.harvard.edu/dataset.xhtml?persistentId=doi:10.7910/DVN/MBBSGV,Y,1.0,https://dataverse.harvard.edu/dataset.xhtml?persistentId=doi:10.7910/DVN/MBBSGV,0.875,mostly open,Tier 2,Partial
