PAPER ID,Journal,"Full Citation (Author, Year, Journal)",Short Title/ Keyword,Description of data,Direct link,Topic: Climate Physical Risk,Topic: Climate Transition Risk,Topic: ESG Disclosure,Topic: ESG Ratings,Topic: Biodiversity & Nature,Topic: Green Bonds & Sustainable Debt,Topic: Corporate Emissions (Scope 1/2/3),Topic: Social Factors,Topic: Governance,Topic: Other,Method (primary),Method (secondary),Method (if other),Data Source (primary),Data Source (secondary),Data Source (if other),Publication Year,Dataset Start Year,Dataset End Year,Data Geographic Scope,Geographic Notes,Data Publicly Available? (Y/N/Partial),Data Access Link / Repository,Replication Code? (Y/N/Partial),Code Access Link / Repository,Could be open-source (Y/N/Partial),Unit of Observation
P01,Journal of Finance,"LIANG, H. and RENNEBOOG, L. (2017), On the Foundations of Corporate Social Responsibility. The Journal of Finance, 72: 853-910. https://doi.org/10.1111/jofi.12487",Corporate social responsability foundation,CSR ratings from 23000 companies from 114 countries,https://onlinelibrary.wiley.com/doi/10.1111/jofi.12487,,,,Y,,,,Y,Y,CSR,Standard Econometrics Accounting / Market Data,,,Market Data,Proprietary Database,CSR ratings,2017,1999,2011,Global,,N,,N,,N,Firm-Year
P02,Journal of Finance,"LINS, K.V., SERVAES, H. and TAMAYO, A. (2017), Social Capital, Trust, and Firm Performance: The Value of Corporate Social Responsibility during the Financial Crisis. The Journal of Finance, 72: 1785-1824. https://doi.org/10.1111/jofi.12505",impact of CSR on performance during financial crisis,performance and CSR ratings non financial firms during financial crisis,https://onlinelibrary.wiley.com/doi/10.1111/jofi.12505,,,,Y,,,,Y,Y,CSR,Standard Econometrics Accounting / Market Data,Experiment,Natural experiment,Market Data,Proprietary Database,ESG ratings,2017,2008,2009,US,,N,,N,,N,Firm-Year
P03,Journal of Finance,"RIEDL, A. and SMEETS, P. (2017), Why Do Investors Hold Socially Responsible Mutual Funds?. The Journal of Finance, 72: 2505-2550. https://doi.org/10.1111/jofi.12547",Socially Responsible Mutual Funds attractiveness,adminstrative data linked to survey and behavioural experiment,https://onlinelibrary.wiley.com/doi/10.1111/jofi.12547,,,Y,Y,,,,Y,,,Survey Instrument,Experiment,Behavioural experiment,Survey Data,Other,Experiment,2017,2006,2012,Other / Regional,One company in Netherlands,N,,N,,N,Document-Level
P04,Journal of Finance,"HARTZMARK, S.M. and SUSSMAN, A.B. (2019), Do Investors Value Sustainability? A Natural Experiment Examining Ranking and Fund Flows. The Journal of Finance, 74: 2789-2837. https://doi.org/10.1111/jofi.12841",Investor value sustainbility,Fund flow data after intoduction of sailent Sustainability rating,https://onlinelibrary.wiley.com/doi/10.1111/jofi.12841,,,,Y,,,,,,,Standard Econometrics Accounting / Market Data,Experiment,Natural experiment,Market Data,Proprietary Database,priopretary esg ratings,2019,2016,2017,US,,N,,N,,N,Portfolio-Level
P05,Journal of Finance,"SAUTNER, Z., VAN LENT, L., VILKOV, G. and ZHANG, R. (2023), Firm-Level Climate Change Exposure. J Finance, 78: 1449-1498. https://doi.org/10.1111/jofi.13219",Firm-level climate exposure / earnings calls,Firm-level panel of climate-change exposure measures built on earning calls keywords,https://onlinelibrary.wiley.com/doi/10.1111/jofi.13219,Y,Y,,,,,Y,,,,NLP / Textual Analysis,Standard Econometrics Accounting / Market Data,,Earnings Call transcripts,Market Data,,2023,2002,2020,Global,,Y,https://osf.io/fd6jq/overview,Y,https://onlinelibrary.wiley.com/action/downloadSupplement?doi=10.1111%2Fjofi.13219&file=jofi13219-sup-0002-ReplicationCode.zip,,Document-Level
P06,Journal of Finance,"Bolton, P., & Kacperczyk, M. (2023). Global Pricing of Carbon-Transition Risk. Journal of Finance, 78(6), 3677–3754.",Carbon premium / global / Trucost emissions,Cross-section of carbon premia in global stock returns.,https://onlinelibrary.wiley.com/doi/10.1111/jofi.13272,,Y,,,,Y,,,,,Standard Econometrics Accounting / Market Data,Other,Climate & environmental data — emissions inventories (Trucost),Market Data,Proprietary Database,ESG ratings,2023,2005,2018,Global,"14,400 firms in 77 countries; three continents (Asia, Europe, North America)",N,,Y,https://onlinelibrary.wiley.com/action/downloadSupplement?doi=10.1111%2Fjofi.13272&file=jofi13272-sup-0002-ReplicationCode.zip,Partial,Firm-Year
P07,Journal of Finance,"ZHANG, S. (2025), Carbon Returns across the Globe. J Finance, 80: 615-645. https://doi.org/10.1111/jofi.13402",Carbon premium / Trucost emissions / global,"Cross-sectional carbon return estimates accounting for emissions data release lags, built from S&P Trucost Scope 1/2 emissions merged with CRSP/Compustat (US) and Compustat Global, covering ~14,400 firms in 77 countries, 2009–2021.",https://onlinelibrary.wiley.com/doi/10.1111/jofi.13402,,Y,,,,,Y,,,,Standard Econometrics Accounting / Market Data,,,Proprietary Database,Market Data,"S&P Trucost emissions database; CRSP, Compustat, Compustat Global",2025,2009,2021,Global,"~14,400 firms in 77 countries; matched Trucost–CRSP/Compustat sample",N,,Y,https://onlinelibrary.wiley.com/action/downloadSupplement?doi=10.1111%2Fjofi.13402&file=jofi13402-sup-0002-ReplicationCode.zip,Partial,Firm-Year
P08,Journal of Finance,"KRUTTLI, M.S., TRAN, B.R. and WATUGALA, S.W. (2025), Pricing Poseidon: Extreme Weather Uncertainty and Firm Return Dynamics. J Finance, 80: 783-832. https://doi.org/10.1111/jofi.13416",Hurricanes / physical risk / options,"Firm-level analysis of stock and options market reactions to hurricane events, built from NOAA hurricane forecasts, FEMA disaster declarations, NETS firm establishment data, OptionMetrics, CRSP, and earnings call transcripts, covering Atlantic/Gulf hurricane events 1996–2019.",https://onlinelibrary.wiley.com/doi/10.1111/jofi.13416,Y,,,,,,,,,,Standard Econometrics Accounting / Market Data,NLP / Textual Analysis,,Weather & Hazard,Market Data,NOAA hurricane forecasts + FEMA disaster declarations; OptionMetrics + CRSP; NETS establishment data; earnings call transcripts,2025,1996,2019,US,US firms with establishments in Atlantic/Gulf coast hurricane landfall regions,Partial,Public Data used in the replication code file,Y,https://onlinelibrary.wiley.com/action/downloadSupplement?doi=10.1111%2Fjofi.13416&file=jofi13416-sup-0002-ReplicationCode.zip,Partial,Firm-Year
P09,Journal of Finance,"DUCHIN, R., GAO, J. and XU, Q. (2025), Sustainability or Greenwashing: Evidence from the Asset Market for Industrial Pollution. J Finance, 80: 699-754. https://doi.org/10.1111/jofi.13412",Greenwashing / pollution / divestiture,"Plant-level dataset of 888 industrial divestitures linking SDC M&A deals with EPA Toxic Release Inventory pollution data, NETS plant employment, and KLD/Refinitiv/MSCI ESG ratings, covering US firms 2000–2020.",https://onlinelibrary.wiley.com/doi/10.1111/jofi.13412,,,Y,Y,,,Y,,,,Standard Econometrics Accounting / Market Data,NLP / Textual Analysis,Conference call textual analysis (secondary),Official Statistics,Proprietary Database,EPA Toxic Release Inventory (public); SDC M&A; NETS; KLD/Refinitiv/MSCI ESG ratings,2025,2000,2020,US,888 industrial plant divestitures; US public + private firms with TRI plants,Raw Data,EPA TRI: https://www.epa.gov/toxics-release-inventory-tri-program,Y,https://onlinelibrary.wiley.com/action/downloadSupplement?doi=10.1111%2Fjofi.13412&file=jofi13412-sup-0002-ReplicationCode.zip,Partial,Firm-Year
P10,Journal of Finance,"DERRIEN, F., KRÜGER, P., LANDIER, A. and YAO, T. (2025), ESG News, Future Cash Flows, and Firm Value. J Finance, 80: 3499-3554. https://doi.org/10.1111/jofi.13498",RepRisk ESG incidents / analyst forecasts,"Firm-month panel matching RepRisk negative ESG incidents to IBES analyst earnings forecast revisions to test whether analysts revise forecasts after ESG news, covering global public firms 2008–2019.",https://onlinelibrary.wiley.com/doi/10.1111/jofi.13498,,,Y,,,,,Y,Y,,Standard Econometrics Accounting / Market Data,,,Proprietary Database,Market Data,RepRisk ESG incident database (firm-day); IBES analyst earnings forecasts,2025,2007,2018,Global,Global panel of public firms with RepRisk and IBES coverage; matched via ISIN,N,,Y,https://onlinelibrary.wiley.com/action/downloadSupplement?doi=10.1111%2Fjofi.13498&file=jofi13498-sup-0002-ReplicationCode.zip,N,Other
P11,Journal of Finance,"PARISE, G. and RUBIN, M. (2025), Green Window Dressing. J Finance, 80: 3555-3588. https://doi.org/10.1111/jofi.13499",Green window dressing / mutual funds / ESG ratings,"Fund-level analysis of strategic timing of ESG holdings around mandatory disclosure dates, built from CRSP mutual funds, Morningstar/Sustainalytics sustainability ratings, and Trucost emissions, covering 223 ESG and 5,793 non-ESG US equity mutual funds, March 2016 – December 2022.",https://onlinelibrary.wiley.com/doi/10.1111/jofi.13499,,,Y,Y,,,,,,,Standard Econometrics Accounting / Market Data,,,Market Data,Proprietary Database,Morningstar globe sustainability ratings; Sustainalytics ESG scores; S&P Trucost emissions,2025,2016,2022,US,"223 US ESG mutual funds + 5,793 non-ESG funds; sample starts March 2016 (Morningstar globe ratings introduction)",N,,Y,https://onlinelibrary.wiley.com/action/downloadSupplement?doi=10.1111%2Fjofi.13499&file=jofi13499-sup-0002-ReplicationCode.zip,N,Portfolio-Level
P12,Journal of Finance,"OH, S.S., SEN, I. and TENEKEDJIEVA, A.-M. (2026), Pricing of Climate Risk Insurance: Regulation and Cross-Subsidies. J Finance, 81: 1161-1215. https://doi.org/10.1111/jofi.70029",Climate insurance / regulation / cross-subsidies,"State–insurer–year panel of US homeowners insurance underwriting and rate filings, built from S&P Market Intelligence (premiums, losses, balance sheets), Insure.com homeowners premiums, and NAIC regulatory filings; uses IV and border-discontinuity designs to identify regulatory effects on rates.",https://onlinelibrary.wiley.com/doi/10.1111/jofi.70029,Y,Y,,,,,,,,,Standard Econometrics Accounting / Market Data,,,Proprietary Database,Market Data,S&P Market Intelligence insurance underwriting; Insure.com homeowners premiums; NAIC regulatory filings,2026,2000,2020,US,US homeowners insurance ($15 trillion market); state–insurer–year panel,N,,Y,https://onlinelibrary.wiley.com/action/downloadSupplement?doi=10.1111%2Fjofi.70029&file=jofi70029-sup-0002-Replication-Code.zip,N,Other
P13,Journal of Finance,"ALLCOTT, H., MONTANARI, G., OZALTUN, B. and TAN, B. (2026), An Economic View of Corporate Social Impact. J Finance, 81: 285-328. https://doi.org/10.1111/jofi.70004",Social impact / consumer surplus / impact investing,"Custom survey of consumer and worker substitution patterns combined with structural product- and labor-market models to estimate the welfare loss if a firm exited, applied to 74 firms across 12 industries.",https://onlinelibrary.wiley.com/doi/10.1111/jofi.70004,,,,,,,,Y,,,Survey Instrument,Standard Econometrics Accounting / Market Data,,Survey Data,Market Data,Custom survey on consumer/worker substitution patterns; product- and labor-market models,2026,2021,2021,US,74 firms across 12 industries; survey of US consumers and workers,Partial,https://onlinelibrary.wiley.com/action/downloadSupplement?doi=10.1111%2Fjofi.70004&file=jofi70004-sup-0002-ReplicationCode.zip,Partial,https://onlinelibrary.wiley.com/action/downloadSupplement?doi=10.1111%2Fjofi.70004&file=jofi70004-sup-0002-ReplicationCode.zip,Partial,Other
P14,Journal of Finance,"STARKS, L.T., VENKAT, P. and ZHU, Q. (2026), Corporate ESG Profiles and Investor Horizons. J Finance, 81: 603-642. https://doi.org/10.1111/jofi.70008",ESG profiles / investor horizons / institutional ownership,"Firm-level panel linking institutional ownership (13F filings) with firm-level ESG ratings and ES incidents, testing whether long-horizon investors prefer high-ESG firms and react differently to negative ES events vs. earnings news.",https://onlinelibrary.wiley.com/doi/10.1111/jofi.70008,,,Y,Y,,,,Y,Y,,Standard Econometrics Accounting / Market Data,Regulatory Filing Parsing,,SEC Filings,Proprietary Database,"13F institutional holdings; ESG ratings (e.g., MSCI/Refinitiv); RepRisk ES incidents",2026,2000,2018,US,US-listed firms; institutional ownership via 13F; ESG-rated firms only,N,,Y,https://onlinelibrary.wiley.com/action/downloadSupplement?doi=10.1111%2Fjofi.70008&file=jofi70008-sup-0001-ReplicationCode.zip,Partial,Firm-Year
P15,Journal of Financial Economics,"Alex Edmans,
Does the stock market fully value intangibles? Employee satisfaction and equity prices,
Journal of Financial Economics,
Volume 101, Issue 3,
2011,
Pages 621-640,
ISSN 0304-405X,
https://doi.org/10.1016/j.jfineco.2011.03.021.",Employee satisfaction / intangibles / stock returns,"Long-short equity portfolios built from Fortune's '100 Best Companies to Work For in America' list (an employee-satisfaction proxy) merged with stock returns, testing whether the market fully prices intangible human-capital value.",https://doi.org/10.1016/j.jfineco.2011.03.021,,,,,,,,Y,,,Standard Econometrics Accounting / Market Data,Survey Instrument,,Survey Data,Market Data,Fortune '100 Best Companies to Work For' list; CRSP/Compustat returns,2011,1984,2009,US,US listed firms on the Best-Companies list,N,,N,,Partial,Firm-Year
P16,Journal of Financial Economics,"Adair Morse,
Payday lenders: Heroes or villains?,
Journal of Financial Economics,
Volume 102, Issue 1,
2011,
Pages 28-44,
ISSN 0304-405X,
https://doi.org/10.1016/j.jfineco.2011.03.022.",Payday lending / disasters / financial inclusion,"County/ZIP-level study of whether payday-lender access mitigates financial distress (foreclosures, larcenies) after natural disasters, combining hand-collected payday-lender locations with FEMA disaster declarations and property/foreclosure data in California.",https://doi.org/10.1016/j.jfineco.2011.03.022,Y,,,,,,,Y,,,Standard Econometrics Accounting / Market Data,,,Other,Weather & Hazard,Hand-collected payday-lender locations; FEMA disaster declarations; California foreclosure/property data,2011,1996,2002,US,California communities,Raw Data,https://cemhs.asu.edu/sheldus,N,,Partial,Other
P17,Journal of Financial Economics,"Harrison Hong, Leonard Kostovetsky,
Red and blue investing: Values and finance,
Journal of Financial Economics,
Volume 103, Issue 1,
2012,
Pages 1-19,
ISSN 0304-405X,
https://doi.org/10.1016/j.jfineco.2011.01.006.",Fund manager politics / values investing,"Study of whether US mutual-fund managers' personal political affiliation (from FEC campaign-contribution records) is reflected in portfolio tilts away from socially-irresponsible ('sin'/low-KLD) stocks, linking FEC donations, fund holdings, and KLD social ratings.",https://doi.org/10.1016/j.jfineco.2011.01.006,,,,,,,,Y,Y,,Standard Econometrics Accounting / Market Data,Regulatory Filing Parsing,,Official Statistics,Proprietary Database,FEC campaign-contribution records; mutual-fund holdings; KLD social ratings,2012,1992,2006,US,US mutual-fund managers,Raw Data,FEC contributions public: https://www.fec.gov/data/,N,,Partial,Portfolio-Level
P18,Journal of Financial Economics,"Xin Deng, Jun-koo Kang, Buen Sin Low,
Corporate social responsibility and stakeholder value maximization: Evidence from mergers,
Journal of Financial Economics,
Volume 110, Issue 1,
2013,
Pages 87-109,
ISSN 0304-405X,
https://doi.org/10.1016/j.jfineco.2013.04.014.",CSR / stakeholder value / mergers,"Event study of acquirer CSR (KLD) and merger outcomes — announcement returns, deal completion, and long-run performance — testing the stakeholder-value-maximization view, using KLD CSR ratings, SDC M&A deals, and CRSP returns.",https://doi.org/10.1016/j.jfineco.2013.04.014,,,,,,,,Y,Y,,Standard Econometrics Accounting / Market Data,,,Proprietary Database,Market Data,KLD CSR ratings; SDC Platinum M&A deals; CRSP returns,2013,1992,2007,US,US acquirers in M&A deals,N,jfinancialeconomics@gmail.com,On Demand,jfinancialeconomics@gmail.com,N,Other
P19,Journal of Financial Economics,"Alberta Di Giuli, Leonard Kostovetsky,
Are red or blue companies more likely to go green? Politics and corporate social responsibility,
Journal of Financial Economics,
Volume 111, Issue 1,
2014,
Pages 158-180,
ISSN 0304-405X,
https://doi.org/10.1016/j.jfineco.2013.10.002.",Corporate politics / going green / CSR,"Study of whether firms' political leanings (from employee/executive FEC donations and founder/location proxies) predict higher CSR scores, linking KLD CSR ratings, FEC political donations, and Compustat financials.",https://doi.org/10.1016/j.jfineco.2013.10.002,,,,,,,,Y,Y,,Standard Econometrics Accounting / Market Data,,,Proprietary Database,Official Statistics,KLD CSR ratings; FEC political donations; Compustat,2014,2003,2009,US,US listed firms,Raw Data,FEC contributions public: https://www.fec.gov/data/,N,,Partial,Firm-Year
P20,Journal of Financial Economics,"Philipp Krüger,
Corporate goodness and shareholder wealth,
Journal of Financial Economics,
Volume 115, Issue 2,
2015,
Pages 304-329,
ISSN 0304-405X,
https://doi.org/10.1016/j.jfineco.2014.09.008",CSR events / shareholder wealth (event study),"Event study of stock-market reactions to corporate social-responsibility news, using KLD CSR strengths/concerns events matched to CRSP returns; finds investors respond negatively to some CSR and positively to offsetting/agency-reducing CSR.",https://doi.org/10.1016/j.jfineco.2014.09.008,,,,,,,,Y,,,Standard Econometrics Accounting / Market Data,,,Proprietary Database,Market Data,KLD CSR events (strengths/concerns); CRSP returns,2015,2001,2007,US,US listed firms,N,,N,,N,Firm-Year
P21,Journal of Financial Economics,"Allen Ferrell, Hao Liang, Luc Renneboog,
Socially responsible firms,
Journal of Financial Economics,
Volume 122, Issue 3,
2016,
Pages 585-606,
ISSN 0304-405X,
https://doi.org/10.1016/j.jfineco.2015.12.003",Socially responsible firms / CSR & governance,"International study of whether CSR is driven by managerial agency problems, showing well-governed firms engage in more CSR, using Thomson Reuters ASSET4 ESG/CSR scores combined with governance and financial data across countries.",https://doi.org/10.1016/j.jfineco.2015.12.003,,,,,,,,Y,Y,,Standard Econometrics Accounting / Market Data,,,Proprietary Database,Market Data,Thomson Reuters ASSET4 ESG/CSR scores; governance variables; global firm financials,2016,1999,2011,Global,Global listed firms,N,,N,,N,Firm-Year
P22,Journal of Financial Economics,"Kristle Romero Cortés, Philip E. Strahan,
Tracing out capital flows: How financially integrated banks respond to natural disasters,
Journal of Financial Economics,
Volume 125, Issue 1,
2017,
Pages 182-199,
ISSN 0304-405X,
https://doi.org/10.1016/j.jfineco.2017.04.011",Banks & natural disasters / capital reallocation,"Study of how multi-market banks reallocate capital after local natural disasters, raising lending in disaster areas while contracting elsewhere, using FEMA disaster declarations, HMDA mortgage data, and bank Call Reports.",https://doi.org/10.1016/j.jfineco.2017.04.011,Y,,,,,,,,,,Standard Econometrics Accounting / Market Data,,,Official Statistics,Official Statistics,FEMA disaster declarations; HMDA mortgage data; bank Call Reports,2017,2001,2010,US,US multi-market banks,Raw Data,"FEMA/SHELDUS:
https://cemhs.asu.edu/sheldus
https://www.consumerfinance.gov/data-research/hmda/

HMDA:
https://www.consumerfinance.gov/data-research/hmda/",N,,Y,Other
P23,Journal of Financial Economics,"Henrik Cronqvist, Frank Yu,
Shaped by their daughters: Executives, female socialization, and corporate social responsibility,
Journal of Financial Economics,
Volume 126, Issue 3,
2017,
Pages 543-562,
ISSN 0304-405X,
https://doi.org/10.1016/j.jfineco.2017.09.003",CEO daughters / female socialization / CSR,"Study showing CEOs with daughters run firms with higher CSR (especially diversity), combining KLD CSR ratings with hand-collected data on S&P 500 executives' children and gender.",https://doi.org/10.1016/j.jfineco.2017.09.003,,,,,,,,Y,Y,,Standard Econometrics Accounting / Market Data,,,Proprietary Database,Other,KLD CSR ratings; hand-collected S&P 500 CEO children/gender data,2017,1992,2012,US,S&P 500 CEOs,N,,N,,Partial,Firm-Year
P24,Journal of Financial Economics,"Alexander Dyck, Karl V. Lins, Lukas Roth, Hannes F. Wagner,
Do institutional investors drive corporate social responsibility? International evidence,
Journal of Financial Economics,
Volume 131, Issue 3,
2019,
Pages 693-714,
ISSN 0304-405X,
https://doi.org/10.1016/j.jfineco.2018.08.013",Institutional investors drive CSR (international),"International evidence that institutional ownership raises firms' environmental and social (E&S) performance, using Thomson Reuters ASSET4 E&S scores and institutional-ownership data across many countries; identification via index/quasi-natural-experiment variation.",https://doi.org/10.1016/j.jfineco.2018.08.013,,,Y,,,,,Y,Y,,Standard Econometrics Accounting / Market Data,,,Proprietary Database,Market Data,Thomson Reuters ASSET4 E&S scores; FactSet/Thomson institutional ownership; global firms,2019,2004,2013,Global,Global listed firms,N,,N,,N,Firm-Year
P25,Journal of Financial Economics,"Asaf Bernstein, Matthew T. Gustafson, Ryan Lewis,
Disaster on the horizon: The price effect of sea level rise,
Journal of Financial Economics,
Volume 134, Issue 2,
2019,
Pages 253-272,
ISSN 0304-405X,
https://doi.org/10.1016/j.jfineco.2019.03.013",Sea-level rise / coastal home prices,"Hedonic study showing homes exposed to projected sea-level rise sell at a discount (~7%), combining Zillow ZTRAX property transactions with NOAA sea-level-rise and elevation data.",https://doi.org/10.1016/j.jfineco.2019.03.013,Y,,,,,,,,,,Standard Econometrics Accounting / Market Data,Satellite & Remote Sensing,,Proprietary Database,Weather & Hazard,Zillow ZTRAX property transactions; NOAA sea-level-rise & elevation data,2019,2007,2016,US,US coastal residential properties,Raw Data,"NOAA SLR public: https://coast.noaa.gov/slr/ (ZTRAX was free-to-researchers, now discontinued)",N,,Partial,Asset-Level
P26,Journal of Financial Economics,"Marcus Painter,
An inconvenient cost: The effects of climate change on municipal bonds,
Journal of Financial Economics,
Volume 135, Issue 2,
2020,
Pages 468-482,
ISSN 0304-405X,
https://doi.org/10.1016/j.jfineco.2019.06.006",Climate change / municipal bonds,"Study showing US counties more exposed to climate change / sea-level rise pay higher underwriting fees and yields on long-term municipal bonds, combining municipal-bond issuance data with climate-change and sea-level-rise exposure projections.",https://doi.org/10.1016/j.jfineco.2019.06.006,Y,,,,,Y,,,,,Standard Econometrics Accounting / Market Data,Satellite & Remote Sensing,,Market Data,Weather & Hazard,Municipal-bond issuance/yields; sea-level-rise & climate-change exposure projections,2020,2004,2017,US,US counties/municipal issuers,N,,N,,Partial,Asset-Level
P27,Journal of Financial Economics,"Tao Chen, Hui Dong, Chen Lin,
Institutional shareholders and corporate social responsibility,
Journal of Financial Economics,
Volume 135, Issue 2,
2020,
Pages 483-504,
ISSN 0304-405X,
https://doi.org/10.1016/j.jfineco.2019.06.007",Institutional shareholders & CSR (RDD),"Causal study using Russell 1000/2000 index-reconstitution discontinuities as exogenous variation in institutional ownership to show institutions increase firms' CSR, linking MSCI/KLD CSR ratings, Russell index membership, and 13F ownership.",https://doi.org/10.1016/j.jfineco.2019.06.007,,,Y,,,,,Y,Y,,Standard Econometrics Accounting / Market Data,,,Proprietary Database,Market Data,MSCI/KLD CSR ratings; Russell 1000/2000 index membership; 13F institutional ownership,2020,2003,2006,US,US listed firms near Russell index cutoff,Raw Data,https://www.sec.gov/edgar/search/#,N,,Partial,Firm-Year
P28,Journal of Financial Economics,"Brad M. Barber, Adair Morse, Ayako Yasuda,
Impact investing,
Journal of Financial Economics,
Volume 139, Issue 1,
2021,
Pages 162-185,
ISSN 0304-405X,
https://doi.org/10.1016/j.jfineco.2020.07.008",Impact investing / willingness-to-pay (VC),"Study of venture-capital impact funds showing investors accept lower expected returns for measurable social impact (a revealed willingness-to-pay), using Preqin VC/PE fund data with hand-classified impact vs traditional funds.",https://doi.org/10.1016/j.jfineco.2020.07.008,,,,,,,,Y,,,Standard Econometrics Accounting / Market Data,,,Proprietary Database,Other,Preqin VC/PE fund data; hand-classified impact funds; investor (LP) characteristics,2021,1995,2014,Global,Global VC/PE funds & limited partners,N,,N,,N,Portfolio-Level
P29,Journal of Financial Economics,"Wolfram Schlenker, Charles A. Taylor,
Market expectations of a warming climate,
Journal of Financial Economics,
Volume 142, Issue 2,
2021,
Pages 627-640,
ISSN 0304-405X,
https://doi.org/10.1016/j.jfineco.2020.08.019",Market expectations of warming / weather derivatives,"Study showing prices of weather (temperature) futures embed market expectations of warming consistent with climate-model trends, combining CME weather-derivative prices with NOAA station temperature records and climate-model projections.",https://doi.org/10.1016/j.jfineco.2020.08.019,Y,,,,,,,,,Weather financial instruments,Standard Econometrics Accounting / Market Data,Satellite & Remote Sensing,,Market Data,Weather & Hazard,CME weather futures/derivatives prices; NOAA station temperature records; climate-model trends,2021,2001,2020,US,US weather-derivative markets / weather stations,Raw Data,"NOAA weather data:
https://www.noaa.gov/tools-and-resources/weather-and-climate-resources#Climate",N,,Partial,Other
P30,Journal of Financial Economics,"Christopher Geczy, Jessica S. Jeffers, David K. Musto, Anne M. Tucker,
Contracts with (Social) benefits: The implementation of impact investing,
Journal of Financial Economics,
Volume 142, Issue 2,
2021,
Pages 697-718,
ISSN 0304-405X,
https://doi.org/10.1016/j.jfineco.2021.01.006",Impact investing contracts (implementation),"Analysis of how impact is contractually implemented in private funds, using a hand-collected sample of impact-investing fund partnership agreements/side letters to document governance and impact-measurement provisions.",https://doi.org/10.1016/j.jfineco.2021.01.006,,,,,,,,Y,Y,,Standard Econometrics Accounting / Market Data,,,Other,Proprietary Database,Hand-collected impact-investing fund contracts / limited-partnership agreements,2021,1988,2016,Global,Impact-investing funds (contract-level),N,,N,,N,Other
P31,Journal of Financial Economics,"Patrick Bolton, Marcin Kacperczyk,
Do investors care about carbon risk?,
Journal of Financial Economics,
Volume 142, Issue 2,
2021,
Pages 517-549,
ISSN 0304-405X,
https://doi.org/10.1016/j.jfineco.2021.05.008",Carbon risk / carbon premium,"Asset-pricing study showing US stocks of higher-carbon-emitting firms earn higher returns (a carbon premium), and that some investors divest on carbon intensity, using Trucost carbon emissions (Scope 1/2/3) merged with CRSP/Compustat.",https://doi.org/10.1016/j.jfineco.2021.05.008,,Y,,,,,Y,,,,Standard Econometrics Accounting / Market Data,,,Proprietary Database,Market Data,Trucost carbon emissions (Scope 1/2/3); CRSP/Compustat returns,2021,2005,2017,US,US listed firms,N,,N,,N,Firm-Year
P32,Journal of Financial Economics,"Rui Dai, Hao Liang, Lilian Ng,
Socially responsible corporate customers,
Journal of Financial Economics,
Volume 142, Issue 2,
2021,
Pages 598-626,
ISSN 0304-405X,
https://doi.org/10.1016/j.jfineco.2020.01.003",Socially responsible corporate customers (supply chain),"Supply-chain study showing large customers' CSR propagates to their suppliers' CSR, combining customer-supplier links (Compustat segment / FactSet Revere) with ESG/CSR ratings for an international sample.",https://doi.org/10.1016/j.jfineco.2020.01.003,,,,,,,,Y,,,Standard Econometrics Accounting / Market Data,,,Proprietary Database,Market Data,Customer-supplier links (Compustat segments / FactSet Revere); ESG/CSR ratings; international firms,2021,2003,2015,Global,Global customer-supplier firm pairs,N,,N,,N,Firm-Year
P33,Journal of Financial Economics,"Caroline Flammer,
Corporate green bonds,
Journal of Financial Economics,
Volume 142, Issue 2,
2021,
Pages 499-516,
ISSN 0304-405X,
https://doi.org/10.1016/j.jfineco.2021.01.010",Corporate green bonds,"Study of corporate green-bond issuance showing positive stock-market reactions and real effects (improved environmental performance, more green innovation, green-investor clientele), using Bloomberg green-bond data with CRSP/Compustat and environmental ratings.",https://doi.org/10.1016/j.jfineco.2021.01.010,,,,,,Y,Y,,,,Standard Econometrics Accounting / Market Data,,,Other,Market Data,Bloomberg corporate green-bond issues; CRSP/Compustat; environmental ratings/patents,2021,2010,2018,Global,Global corporate green-bond issuers,N,,N,,Partial,Firm-Year
P34,Journal of Financial Economics,"José Azar, Miguel Duro, Igor Kadach, Gaizka Ormazabal,
The Big Three and corporate carbon emissions around the world,
Journal of Financial Economics,
Volume 142, Issue 2,
2021,
Pages 674-696,
ISSN 0304-405X,
https://doi.org/10.1016/j.jfineco.2021.05.007",Big Three ownership & carbon emissions,"International study showing Big Three (BlackRock, Vanguard, State Street) ownership and engagement are associated with subsequent reductions in investee carbon emissions, combining Trucost emissions, Big Three ownership (FactSet), and engagement data.",https://doi.org/10.1016/j.jfineco.2021.05.007,,,Y,,,,Y,,Y,,Standard Econometrics Accounting / Market Data,,,Proprietary Database,Market Data,Trucost carbon emissions; Big Three ownership (FactSet); engagement records; global firms,2021,2005,2018,Global,Global large-cap firms,N,,N,,N,Firm-Year
P35,Journal of Financial Economics,"Lasse Heje Pedersen, Shaun Fitzgibbons, Lukasz Pomorski,
Responsible investing: The ESG-efficient frontier,
Journal of Financial Economics,
Volume 142, Issue 2,
2021,
Pages 572-597,
ISSN 0304-405X,
https://doi.org/10.1016/j.jfineco.2020.11.001",ESG-efficient frontier (theory + empirics),"Develops the ESG-efficient frontier — the best risk-return trade-off attainable at each ESG level — and characterizes optimal portfolios for ESG-motivated and ESG-aware investors, with an empirical implementation using ESG scores and market data.",https://doi.org/10.1016/j.jfineco.2020.11.001,,,Y,Y,,,,,,,Other,Standard Econometrics Accounting / Market Data,ESG-efficient-frontier theoretical model + empirical implementation,Proprietary Database,Market Data,ESG scores (e.g. Sustainalytics/MSCI governance & E&S); CRSP/market data,2021,2009,2019,US,US/global equities,N,,N,,N,Portfolio-Level
P36,Journal of Financial Economics,"Söhnke M. Bartram, Kewei Hou, Sehoon Kim,
Real effects of climate policy: Financial constraints and spillovers,
Journal of Financial Economics,
Volume 143, Issue 2,
2022,
Pages 668-696,
ISSN 0304-405X,
https://doi.org/10.1016/j.jfineco.2021.06.015",Climate policy real effects / emissions leakage,"Study of California's cap-and-trade program showing financially constrained firms shift emissions and activity to plants in other states (within-firm leakage/spillovers), using EPA plant-level emissions, the California program, and Compustat financials.",https://doi.org/10.1016/j.jfineco.2021.06.015,,Y,,,,,Y,,,,Standard Econometrics Accounting / Market Data,,,Official Statistics,Proprietary Database,EPA plant-level emissions; California cap-and-trade (AB 32); Compustat firm financials,2022,2010,2015,US,US multi-plant firms; California vs other states,Raw Data,"EPA emissions public:
 https://ghgdata.epa.gov/flight/?viewType=map",N,,Partial,Firm-Year
P37,Journal of Financial Economics,"Zhongchen Hu,
Social interactions and households’ flood insurance decisions,
Journal of Financial Economics,
Volume 144, Issue 2,
2022,
Pages 414-432,
ISSN 0304-405X,
https://doi.org/10.1016/j.jfineco.2022.02.004",Social interactions & flood insurance,"Study showing social interactions affect households' flood-insurance take-up, combining FEMA National Flood Insurance Program (NFIP) policy data with flood events and social-connectedness proxies.",https://doi.org/10.1016/j.jfineco.2022.02.004,Y,,,,,,,Y,,,Standard Econometrics Accounting / Market Data,Satellite & Remote Sensing,,Official Statistics,Weather & Hazard,FEMA NFIP flood-insurance policy data; flood events; social-connectedness proxies,2022,2010,2019,US,US households (flood-zone),Raw Data,"FEMA NFIP: 
https://www.fema.gov/openfema-data-page/fima-nfip-redacted-policies-v2

Risk Map: 
https://www.fema.gov/flood-maps/tools-resources/risk-map",N,,Y,Other
P38,Journal of Financial Economics,"Doron Avramov, Si Cheng, Abraham Lioui, Andrea Tarelli,
Sustainable investing with ESG rating uncertainty,
Journal of Financial Economics,
Volume 145, Issue 2, Part B,
2022,
Pages 642-664,
ISSN 0304-405X,
https://doi.org/10.1016/j.jfineco.2021.09.009",Sustainable investing with ESG rating uncertainty (theory + empirics),"Equilibrium asset-pricing model with uncertainty about firms' ESG ratings (rating disagreement), with empirical tests linking ESG-rating disagreement to the carbon/ESG premium and demand, using multiple ESG raters and market data.",https://doi.org/10.1016/j.jfineco.2021.09.009,,,Y,Y,,,,,,,Other,Standard Econometrics Accounting / Market Data,Equilibrium model with ESG rating uncertainty + empirics,Proprietary Database,Market Data,Multiple ESG raters (rating-disagreement measure); market data,2022,2002,2019,US,US/global equities,N,,N,,N,Portfolio-Level
P39,Journal of Financial Economics,"Ľuboš Pástor, Robert F. Stambaugh, Lucian A. Taylor,
Dissecting green returns,
Journal of Financial Economics,
Volume 146, Issue 2,
2022,
Pages 403-424,
ISSN 0304-405X,
https://doi.org/10.1016/j.jfineco.2022.07.007",Dissecting green returns,"Shows that green US stocks outperformed brown over 2012-2020 largely because of unexpected increases in climate concern (not high expected returns), decomposing realized green returns using MSCI environmental scores, returns, and climate-concern shocks.",https://doi.org/10.1016/j.jfineco.2022.07.007,,Y,,Y,,,,,,,Standard Econometrics Accounting / Market Data,,,Proprietary Database,Market Data,"MSCI environmental scores; CRSP returns; climate-concern shocks (e.g. MCCC index, German green factor)",2022,2003,2018,US,US listed firms,N,,Y,https://data.mendeley.com/datasets/dnskbdnmsz/1,N,Portfolio-Level
P40,Journal of Financial Economics,"Stephen B. Billings, Emily A. Gallagher, Lowell Ricketts,
Let the rich be flooded: The distribution of financial aid and distress after hurricane harvey,
Journal of Financial Economics,
Volume 146, Issue 2,
2022,
Pages 797-819,
ISSN 0304-405X,
https://doi.org/10.1016/j.jfineco.2021.11.006",Hurricane Harvey / aid distribution & distress,"Study of Hurricane Harvey showing financial distress concentrated among lower-income flooded households while aid distribution favored higher-income areas, combining a consumer credit-bureau panel, FEMA/SBA disaster aid, and flood-depth data.",https://doi.org/10.1016/j.jfineco.2021.11.006,Y,,,,,,,Y,,,Standard Econometrics Accounting / Market Data,Satellite & Remote Sensing,,Weather & Hazard,Proprietary Database,Consumer credit-bureau panel; FEMA/SBA disaster aid; Hurricane Harvey flood-depth data,2022,2015,2019,US,Houston / Hurricane Harvey-affected households,Raw Data,"FEMA NFIP: 
https://www.fema.gov/openfema-data-page/fima-nfip-redacted-policies-v2",N,,Partial,Other
P41,Journal of Financial Economics,"Asaf Bernstein, Stephen B. Billings, Matthew T. Gustafson, Ryan Lewis,
Partisan residential sorting on climate change risk,
Journal of Financial Economics,
Volume 146, Issue 3,
2022,
Pages 989-1015,
ISSN 0304-405X,
https://doi.org/10.1016/j.jfineco.2022.03.004",Partisan residential sorting on climate risk,"Shows Republicans are relatively more willing to buy sea-level-rise-exposed coastal homes (partisan sorting on climate beliefs), combining Zillow ZTRAX transactions, voter-registration party data, and NOAA sea-level-rise exposure.",https://doi.org/10.1016/j.jfineco.2022.03.004,Y,,,,,,,Y,,,Standard Econometrics Accounting / Market Data,Satellite & Remote Sensing,,Proprietary Database,Weather & Hazard,Zillow ZTRAX transactions; voter-registration party data; NOAA sea-level-rise exposure,2022,2018,2018,US,US coastal housing markets,Raw Data,"Ztrax data (on demand):
 https://www.zillow.com/research/ztrax/

NOAA SLR viewer: 
https://coast.noaa.gov/digitalcoast/tools/slr.html

L2 voter data:
https://www.l2-data.com/

HMDA data: 
https://www.consumerfinance.gov/data-research/hmda/",N,,Partial,Asset-Level
P42,Journal of Financial Economics,"Nickolay Gantchev, Mariassunta Giannetti, Rachel Li,
Sustainability or performance? Ratings and fund managers’ incentives,
Journal of Financial Economics,
Volume 155,
2024,
103831,
ISSN 0304-405X,
https://doi.org/10.1016/j.jfineco.2024.103831",Sustainability ratings & fund-manager incentives,"Study of Morningstar sustainability ('globe') ratings showing fund managers tilt holdings to improve ratings and that ratings drive fund flows, using Morningstar globe ratings with mutual-fund flows and holdings.",https://doi.org/10.1016/j.jfineco.2024.103831,,,Y,Y,,,,,,,Standard Econometrics Accounting / Market Data,,,Proprietary Database,Market Data,Morningstar sustainability (globe) ratings; mutual-fund flows & holdings,2024,2015,2017,Global,Global mutual funds,N,,Y,https://data.mendeley.com/datasets/7pbjvjsbvb/2,N,Portfolio-Level
P43,Journal of Financial Economics,"Jessica Jeffers, Tianshu Lyu, Kelly Posenau,
The risk and return of impact investing funds,
Journal of Financial Economics,
Volume 161,
2024,
103928,
ISSN 0304-405X,
https://doi.org/10.1016/j.jfineco.2024.103928",Risk & return of impact investing funds,"Estimates the risk and return of impact-investing funds using fund cash-flow data and public-market-equivalent / benchmark methods, characterizing how impact funds' returns compare with conventional VC/PE and public markets.",https://doi.org/10.1016/j.jfineco.2024.103928,,,,,,,,Y,,,Standard Econometrics Accounting / Market Data,,,Proprietary Database,Market Data,Impact-fund (VC/PE) cash-flow data; public-market benchmarks,2024,1999,2021,Global,Impact-investing funds,Y,https://zenodo.org/records/13282899,Y,https://zenodo.org/records/13282899,,Portfolio-Level
P44,Journal of Financial Economics,"Peter Feldhütter, Kristoffer Halskov, Arthur Krebbers,
Pricing of sustainability-linked bonds,
Journal of Financial Economics,
Volume 162,
2024,
103944,
ISSN 0304-405X,
https://doi.org/10.1016/j.jfineco.2024.103944",Pricing of sustainability-linked bonds,"Empirical study of sustainability-linked bonds (SLBs), whose coupons step up if ESG/KPI targets are missed, examining their pricing, greenium, and target-setting, using SLB issuance and pricing data (Bloomberg/Refinitiv).",https://doi.org/10.1016/j.jfineco.2024.103944,,,,,,Y,,,,,Standard Econometrics Accounting / Market Data,,,Other,Proprietary Database,Sustainability-linked bond issues & pricing (Bloomberg/Refinitiv); bond/issuer characteristics,2024,2020,2024,Global,Global SLB issuers,N,,Y,https://data.mendeley.com/datasets/y3g8bx3vb4/1,Partial,Asset-Level
P45,Journal of Financial Economics,"Jean-François Bonnefon, Augustin Landier, Parinitha Sastry, David Thesmar,
The moral preferences of investors: Experimental evidence,
Journal of Financial Economics,
Volume 163,
2025,
103955,
ISSN 0304-405X,
https://doi.org/10.1016/j.jfineco.2024.103955",Moral preferences of investors (EXPERIMENT),Incentivized experiment eliciting investors' moral/social preferences — their willingness to pay (or sacrifice return) for firms' ethical behavior — using a controlled online experiment with real monetary stakes.,https://doi.org/10.1016/j.jfineco.2024.103955,,,Y,,,,,Y,,,Experiment,,,Survey Data,,Incentivized online experiment on investor moral preferences (real monetary stakes),2025,2019,2022,Global,Experimental participants,Y,https://data.mendeley.com/datasets/d5gxv5tc8b/2,Y,https://data.mendeley.com/datasets/d5gxv5tc8b/2,,Other
P46,Journal of Financial Economics,"Jonathan B. Berk, Jules H. van Binsbergen,
The impact of impact investing,
Journal of Financial Economics,
Volume 164,
2025,
103972,
ISSN 0304-405X,
https://doi.org/10.1016/j.jfineco.2024.103972",The impact of impact investing (THEORY/quantitative),Theoretical and quantitative analysis arguing that the cost-of-capital impact of divestment/impact investing on targeted firms is small under realistic conditions; primarily a model with calibration rather than a novel dataset.,https://doi.org/10.1016/j.jfineco.2024.103972,,Y,,,,,,Y,,,Other,Standard Econometrics Accounting / Market Data,Theoretical model + calibration of cost-of-capital impact,Market Data,,Primarily theoretical; calibrated using market data,2025,2000,2020,Global,N/A — primarily theoretical,N,,Y,https://data.mendeley.com/datasets/gzp97wdddc/1,N,Other
P47,Journal of Financial Economics,"Stefano Giglio, Matteo Maggiori, Johannes Stroebel, Zhenhao Tan, Stephen Utkus, Xiao Xu,
Four facts about ESG beliefs and investor portfolios,
Journal of Financial Economics,
Volume 164,
2025,
103984,
ISSN 0304-405X,
https://doi.org/10.1016/j.jfineco.2024.103984",Four facts about ESG beliefs & investor portfolios,"Documents four facts about retail investors' ESG beliefs and how they relate to portfolio holdings, combining a large survey of Vanguard investors with their administrative portfolio-holding data.",https://doi.org/10.1016/j.jfineco.2024.103984,,,Y,Y,,,,,,,Survey Instrument,Standard Econometrics Accounting / Market Data,,Survey Data,Proprietary Database,Vanguard investor survey; administrative individual portfolio holdings,2025,2021,2023,US,US retail (Vanguard) investors,N,,Y,https://data.mendeley.com/datasets/79fm698pyx/1,N,Other
P48,Journal of Financial Economics,"Caroline Flammer, Thomas Giroux, Geoffrey M. Heal,
Biodiversity finance,
Journal of Financial Economics,
Volume 164,
2025,
103987,
ISSN 0304-405X,
https://doi.org/10.1016/j.jfineco.2024.103987",Biodiversity finance (framework + deal data),"Introduces biodiversity finance — using private and blended capital to fund conservation/restoration — with a conceptual framework on 'monetizing' biodiversity and empirical evidence from deal-level data of a leading biodiversity-finance institution, supporting a three-dimensional (return, risk, biodiversity) efficient frontier.",https://doi.org/10.1016/j.jfineco.2024.103987,,,,,Y,,,,,,Other,Standard Econometrics Accounting / Market Data,Conceptual framework + deal-level empirical analysis,Proprietary Database,,Deal-level data from a leading biodiversity-finance institution (blended-finance deals),2025,2020,2022,Global,Biodiversity-finance deals (global),N,,Y,https://data.mendeley.com/datasets/hpgmk6ctwh/2,N,Other
P49,Journal of Financial Economics,"Hyeyoon Jung, Robert F. Engle, Richard Berner,
CRISK: Measuring the climate risk exposure of the financial system,
Journal of Financial Economics,
Volume 171,
2025,
104076,
ISSN 0304-405X,
https://doi.org/10.1016/j.jfineco.2025.104076",CRISK — systemic climate risk of banks,"Introduces CRISK, a market-based measure of the expected capital shortfall of banks in a climate stress scenario (a climate analogue to SRISK), estimated from bank equity/market data and a climate risk factor.",https://doi.org/10.1016/j.jfineco.2025.104076,,Y,,,,,,,,,Standard Econometrics Accounting / Market Data,,,Market Data,Other,Bank equity & market data; climate risk factor (e.g. stranded-asset / climate-news series),2025,2000,2021,Global,Large global/US banks,Partial,https://data.mendeley.com/datasets/5pzr9t645v/2,Y,https://data.mendeley.com/datasets/5pzr9t645v/2,Partial,Firm-Year
P50,Journal of Financial Economics,"Daniel Green, Boris Vallee,
Measurement and effects of bank exit policies,
Journal of Financial Economics,
Volume 172,
2025,
104129,
ISSN 0304-405X,
https://doi.org/10.1016/j.jfineco.2025.104129",Bank exit (coal divestment) policies & emissions,"Uses bank coal-exit policies as a laboratory to show divestment has large real effects: targeted coal assets face reduced financing and are more likely to retire, cutting CO2 emissions by an estimated ~0.62-1 gigaton; built from hand-collected bank exit policies, the Global Coal Exit List, coal-plant data, and syndicated loans.",https://doi.org/10.1016/j.jfineco.2025.104129,,Y,,,,Y,Y,,,,Standard Econometrics Accounting / Market Data,,,Other,Proprietary Database,Hand-collected bank coal-exit policies; Global Coal Exit List (Urgewald); coal-plant data; DealScan loans,2025,2005,2021,Global,Global banks & coal assets,Partial,https://dataverse.harvard.edu/dataset.xhtml?persistentId=doi:10.7910/DVN/5LX4LD,Y,https://dataverse.harvard.edu/dataset.xhtml?persistentId=doi:10.7910/DVN/5LX4LD,Partial,Other
P51,Journal of Financial Economics,"George O. Aragon, Yuxiang Jiang, Juha Joenväärä, Cristian Ioan Tiu,
Responsible investing: Costs and benefits for university endowment funds,
Journal of Financial Economics,
Volume 172,
2025,
104151,
ISSN 0304-405X,
https://doi.org/10.1016/j.jfineco.2025.104151",Responsible investing & university endowments,"Studies the costs and benefits of responsible/ESG investing for US university endowment funds, relating endowments' responsible-investing adoption to their asset allocation and returns, using endowment survey/filing data and returns.",https://doi.org/10.1016/j.jfineco.2025.104151,,,Y,,,,,Y,,,Standard Econometrics Accounting / Market Data,,,Survey Data,Market Data,University-endowment data (NACUBO survey / filings); endowment returns & holdings,2025,2009,2017,US,US university endowment funds,N,,Y,https://data.mendeley.com/datasets/vpp2jysgyh/2,Partial,Portfolio-Level
P52,Journal of Financial Economics,"Sehoon Kim, Nitish Kumar, Jongsub Lee, Junho Oh,
ESG lending,
Journal of Financial Economics,
Volume 173,
2025,
104150,
ISSN 0304-405X,
https://doi.org/10.1016/j.jfineco.2025.104150",ESG lending / sustainability-linked loans,"Empirical study of ESG/sustainability-linked lending — loans whose pricing is tied to borrowers' ESG performance targets — examining their design, pricing, and incentive effects, using DealScan syndicated-loan data with ESG ratings.",https://doi.org/10.1016/j.jfineco.2025.104150,,,Y,,,Y,,,,,Standard Econometrics Accounting / Market Data,,,Proprietary Database,Proprietary Database,DealScan syndicated loans (sustainability-linked provisions); ESG ratings; borrower financials,2025,2016,2021,Global,Global syndicated-loan borrowers,N,,Y,https://data.mendeley.com/datasets/zhrnypkcyb/2,N,Other
P53,Journal of Financial Economics,"Lubos Pastor, Robert F. Stambaugh, Lucian A. Taylor,
Green tilts,
Journal of Financial Economics,
Volume 174,
2025,
104173,
ISSN 0304-405X,
https://doi.org/10.1016/j.jfineco.2025.104173",Green tilts (institutional green portfolio tilts),"Measures institutional investors' 'green tilts' — the degree to which their equity holdings are tilted toward greener stocks — and how these tilts have grown and vary across institution types, using 13F holdings and MSCI green/environmental scores.",https://doi.org/10.1016/j.jfineco.2025.104173,,Y,,Y,,,,,,,Standard Econometrics Accounting / Market Data,,,Market Data,Proprietary Database,13F institutional holdings; MSCI green/environmental scores; CRSP,2025,2023,2023,US,US institutional investors,Partial,https://data.mendeley.com/datasets/y5p3vdzzwr/1,Y,https://data.mendeley.com/datasets/y5p3vdzzwr/1,Partial,Portfolio-Level
P54,Journal of Financial Economics,"Mengyu Wang, Jeffrey Wurgler, Hong Zhang,
Policy uncertainty reduces green innovation,
Journal of Financial Economics,
Volume 175,
2026,
104189,
ISSN 0304-405X,
https://doi.org/10.1016/j.jfineco.2025.104189",Policy uncertainty & green innovation,"Shows that heightened (climate/economic) policy uncertainty reduces firms' green innovation, measured by green patents, linking green-patent data to a policy-uncertainty index and firm characteristics.",https://doi.org/10.1016/j.jfineco.2025.104189,,Y,,,,,,,,Green patent,Standard Econometrics Accounting / Market Data,,,Other,News & Media,Green-patent data; (climate) economic policy-uncertainty index; firm financials,2026,2009,2019,Asia-Pacific,,N,,N,,Partial,Firm-Year
P55,Journal of Financial Economics,"Stefania D’Amico, Johannes Klausmann, N. Aaron Pancost,
The benchmark greenium,
Journal of Financial Economics,
Volume 176,
2026,
104217,
ISSN 0304-405X,
https://doi.org/10.1016/j.jfineco.2025.104217",The benchmark greenium (German twin bonds),"Exploits the 'twin' structure of German sovereign green and conventional bonds (2009-2023) and a dynamic no-arbitrage term-structure model to estimate a time-varying greenium driven solely by investors' green values, distinct from the raw green spread.",https://doi.org/10.1016/j.jfineco.2025.104217,,,,,,Y,,,,,Standard Econometrics Accounting / Market Data,,Dynamic no-arbitrage term-structure model,Market Data,Other,German sovereign green & conventional 'twin' bond prices (2009-2023); Bundesbank/market data,2026,2009,2023,Europe,Germany (sovereign green vs conventional twin bonds),N,,Y,https://data.mendeley.com/datasets/5vhyvhfmh3/1,Partial,Asset-Level
P56,Journal of Financial Economics,"Nuno Clara, João F. Cocco, S. Lakshmi Naaraayanan, Varun Sharma,
Investments that make our homes greener: The role of regulation,
Journal of Financial Economics,
Volume 177,
2026,
104236,
ISSN 0304-405X,
https://doi.org/10.1016/j.jfineco.2026.104236",Home energy-efficiency investments & regulation,"Uses the UK Minimum Energy Efficiency Standard (requiring rented properties to meet minimum energy-efficiency ratings) in an instrumented difference-in-differences design to show the regulation triggers low-cost retrofits, with little pass-through to rents; built on a large sample of residential Energy Performance Certificate (EPC) records.",https://doi.org/10.1016/j.jfineco.2026.104236,,Y,,,,,Y,,,,Standard Econometrics Accounting / Market Data,,,Official Statistics,Proprietary Database,UK Energy Performance Certificate (EPC) records; Minimum Energy Efficiency Standard regulation; property/rental data,2026,2008,2020,Europe,United Kingdom (England) — rented residential properties,Raw Data,England EPC register is public: https://epc.opendatacommunities.org/,Y,https://data.mendeley.com/datasets/b5f9rp823c/2,Partial,Asset-Level
P57,Review of Finance,"Nickolay Gantchev, Mariassunta Giannetti, Rachel Li, Does Money Talk? Divestitures and Corporate Environmental and Social Policies, Review of Finance, Volume 26, Issue 6, November 2022, Pages 1469–1508, https://doi.org/10.1093/rof/rfac029",Divestitures / E&S incidents / institutional ownership,"Firm-level analysis testing whether E&S-conscious institutional investors' divestitures and exit threats induce changes in firms' E&S policies, built from RepRisk ESG incidents linked to FactSet/13F institutional holdings, executive compensation data, and ESG ratings, covering global firms.",https://doi.org/10.1093/rof/rfac029,,,Y,Y,,,Y,Y,,,Standard Econometrics Accounting / Market Data,,,Proprietary Database,Market Data,RepRisk ESG incidents; FactSet/13F institutional holdings; ESG ratings; executive compensation,2022,2007,2016,Global,Global firms with RepRisk coverage and institutional ownership data,N,,N,,N,
P58,Review of Finance,"Olivier David Zerbib, A Sustainable Capital Asset Pricing Model (S-CAPM): Evidence from Environmental Integration and Sin Stock Exclusion, Review of Finance, Volume 26, Issue 6, November 2022, Pages 1345–1388, https://doi.org/10.1093/rof/rfac045",Sustainable CAPM / sin stocks / green premium,"Theoretical extension of CAPM incorporating sustainable preferences (exclusionary screening and ESG integration), with empirical calibration of sin-stock and green premia using US equity returns and ESG/sin classifications.",https://doi.org/10.1093/rof/rfac045,,Y,,Y,,,,,,,Other,Standard Econometrics Accounting / Market Data,Theoretical model + empirical calibration,Market Data,Proprietary Database,CRSP/Compustat market and accounting data; MSCI ESG ratings; sin-stock industry classifications,2022,2007,2019,US,US-listed equities; calibration uses standard US asset pricing test assets,On Demand,odzerbib@gmail.com,N,,N,Firm-Year
P59,Review of Finance,"Duc Duy Nguyen, Steven Ongena, Shusen Qi, Vathunyoo Sila, Climate Change Risk and the Cost of Mortgage Credit, Review of Finance, Volume 26, Issue 6, November 2022, Pages 1509–1549, https://doi.org/10.1093/rof/rfac013",Sea level rise / mortgage rates / physical risk,"Loan-level US residential mortgage panel testing whether lenders price sea-level-rise (SLR) exposure, built from HMDA mortgage applications matched to NOAA SLR risk data and property location data, covering US originations 2018–2020.",https://doi.org/10.1093/rof/rfac013,Y,,,,,,,,,,Standard Econometrics Accounting / Market Data,Satellite & Remote Sensing,,Weather & Hazard,Official Statistics,NOAA Sea Level Rise viewer / hazard exposure; HMDA mortgage application data,2022,2018,2020,US,US residential mortgage applications in coastal counties exposed to sea-level rise,Raw Data,"HMDA: https://www.consumerfinance.gov/data-research/hmda/; NOAA SLR viewer: https://coast.noaa.gov/slr/

NOAA SLR:
https://coast.noaa.gov/digitalcoast/tools/slr.html",N,,Partial,Other
P60,Review of Finance,"Hao Liang, Lin Sun, Melvyn Teo, Responsible Hedge Funds, Review of Finance, Volume 26, Issue 6, November 2022, Pages 1585–1633, https://doi.org/10.1093/rof/rfac028",Hedge funds / UN PRI signatories / responsible investing,"Hedge fund-level panel testing whether UN PRI signatory hedge funds outperform and behave more responsibly, built from a major commercial hedge fund database (e.g., HFR, TASS, Eurekahedge) merged with UN PRI signatory list and SEC ADV filings.",https://doi.org/10.1093/rof/rfac028,,,Y,Y,,,,,,,Standard Econometrics Accounting / Market Data,Regulatory Filing Parsing,,Proprietary Database,SEC Filings,"Hedge fund commercial databases (HFR, TASS, Eurekahedge); UN PRI signatory list; SEC Form ADV",2022,2006,2019,Global,Global hedge funds reporting to commercial databases,Raw Data,"UN PRI signatories: https://www.unpri.org/signatories

SEC ADV:
 https://adviserinfo.sec.gov/",N,,Partial,Other
P61,Review of Finance,"Florian Berg, Julian F Kölbel, Roberto Rigobon, Aggregate Confusion: The Divergence of ESG Ratings, Review of Finance, Volume 26, Issue 6, November 2022, Pages 1315–1344, https://doi.org/10.1093/rof/rfac033",ESG rating divergence / six raters,"Cross-rater comparison of ESG ratings from six providers (KLD, Sustainalytics, Moody's ESG/Vigeo-Eiris, S&P Global/RobecoSAM, Refinitiv/Asset4, MSCI), decomposing pairwise rating divergence into scope, measurement, and weight contributions using a common taxonomy of indicators; baseline year 2014.",https://doi.org/10.1093/rof/rfac033,,,Y,Y,,,,,,,Standard Econometrics Accounting / Market Data,Meta-Analysis / Systematic Review,,Proprietary Database,,"KLD, Sustainalytics, Moody's ESG (Vigeo-Eiris), S&P Global (RobecoSAM), Refinitiv (Asset4), MSCI ESG ratings",2022,"2014
2017","2014
2017",Global,Common-sample firms covered by all six raters; baseline year 2014,N,,N,,N,Firm-Year
P62,Review of Finance,"Rajna Gibson Brandon, Simon Glossner, Philipp Krueger, Pedro Matos, Tom Steffen, Do Responsible Investors Invest Responsibly?, Review of Finance, Volume 26, Issue 6, November 2022, Pages 1389–1432, https://doi.org/10.1093/rof/rfac064",UN PRI signatories / institutional portfolios / ESG holdings,"Institutional investor-level analysis testing whether UN PRI signatories actually hold portfolios with better ESG profiles, built from FactSet/13F institutional holdings linked to UN PRI signatory data, MSCI ESG ratings, and Sustainalytics ratings, covering global institutional investors.",https://doi.org/10.1093/rof/rfac064,,,Y,Y,,,,,,,Standard Econometrics Accounting / Market Data,,,Market Data,Proprietary Database,FactSet/13F institutional holdings; UN PRI signatory list; MSCI ESG ratings; Sustainalytics ratings,2022,2003,2017,Global,Global institutional investors; portfolio-level ESG profiles,On Demand,"UN PRI signatories: https://www.unpri.org/signatories
https://www.unpri.org/sustainability-issues/research.",N,,Partial,Portfolio-Level
P63,Review of Finance,"Davidson Heath, Daniele Macciocchi, Roni Michaely, Matthew C. Ringgenberg, Does Socially Responsible Investing Change Firm Behavior?, Review of Finance, Volume 27, Issue 6, November 2023, Pages 2057–2083, https://doi.org/10.1093/rof/rfad002",SRI funds / firm behavior / shareholder proposals,"Fund- and firm-level analysis testing whether SRI mutual fund holdings cause changes in firm pollution, board diversity, employee satisfaction, and workplace safety, built from CRSP mutual funds + Morningstar SRI classifications, EPA TRI pollution data, BoardEx, Glassdoor employee data, OSHA workplace safety, and shareholder proposal data, covering US firms.",https://doi.org/10.1093/rof/rfad002,,,Y,Y,,,Y,Y,Y,,Standard Econometrics Accounting / Market Data,,,Official Statistics,Proprietary Database,EPA Toxic Release Inventory; OSHA workplace safety; CRSP mutual funds; Morningstar SRI classifications; BoardEx; Glassdoor; shareholder proposal data,2023,2010,2019,US,US-listed firms with mutual fund holdings and ESG outcome data,Raw Data,"EPA: 
 https://www.epa.gov/toxics-release-inventory-tri-program

 OSHA: 
https://www.osha.gov/data",N,,Partial,Firm-Year
P64,Review of Finance,"Jitendra Aswani, Aneesh Raghunandan, Shiva Rajgopal, Are Carbon Emissions Associated with Stock Returns?, Review of Finance, Volume 28, Issue 1, January 2024, Pages 75–106, https://doi.org/10.1093/rof/rfad013",Carbon emissions / stock returns / Trucost estimated vs disclosed,"Re-examination of carbon-return correlations distinguishing vendor-estimated vs firm-disclosed emissions, built from S&P Trucost emissions (with estimated/disclosed flag) merged with CRSP/Compustat returns and accounting data, covering US firms (with European validation), 2005–2019.",https://doi.org/10.1093/rof/rfad013,,Y,,,,,Y,,,,Standard Econometrics Accounting / Market Data,,,Proprietary Database,Market Data,S&P Trucost emissions (estimated and disclosed); CRSP/Compustat,2024,2005,2019,Global,US main sample with European validation sample,N,,N,,N,Firm-Year
P65,Review of Finance,"Andreas G F Hoepner, Ioannis Oikonomou, Zacharias Sautner, Laura T Starks, Xiao Y Zhou, ESG shareholder engagement and downside risk, Review of Finance, Volume 28, Issue 2, March 2024, Pages 483–510, https://doi.org/10.1093/rof/rfad034",ESG engagement / downside risk / VaR,"Firm-level panel testing whether ESG shareholder engagements reduce downside risk (VaR, lower partial moments), built from a proprietary ESG engagement database from a large institutional investor (Federated Hermes) linked to CRSP/Compustat returns and RepRisk environmental incidents.",https://doi.org/10.1093/rof/rfad034,,Y,Y,Y,,,,Y,Y,,Standard Econometrics Accounting / Market Data,,,Proprietary Database,Market Data,Proprietary ESG engagement database (Federated Hermes / EOS); CRSP/Compustat returns; RepRisk environmental incidents,2024,2005,2019,Global,Global firms targeted by Federated Hermes ESG engagements,N,,N,,N,Firm-Year
P66,Review of Finance,"Runfeng Yang, Massimiliano Caporin, Juan-Angel Jiménez-Martin, Measuring Climate Transition Risk Spillovers, Review of Finance, Volume 28, Issue 2, March 2024, Pages 447–481, https://doi.org/10.1093/rof/rfad026",Transition risk spillovers / six markets / network,"Cross-country panel measuring climate transition risk spillovers among six major financial markets (US, Japan, China, plus three others), built from listed-firm equity returns and transition-risk shock proxies (e.g., carbon-intensive vs green portfolio returns), 2013–2021.",https://doi.org/10.1093/rof/rfad026,,Y,,,,,,,,,Standard Econometrics Accounting / Market Data,,,Market Data,Proprietary Database,Listed-firm equity returns from major markets; transition risk proxy portfolios,2024,2013,2021,Global,"Six major markets: USA (main contributor), Japan and China (net receivers), plus three otherst",N,,N,,Partial,Country-Year
P67,Review of Finance,"Audra Boone, Austin Starkweather, Joshua T White, The saliency of the CEO pay ratio, Review of Finance, Volume 28, Issue 3, May 2024, Pages 1059–1104, https://doi.org/10.1093/rof/rfad039",Theory / employee matching grants / charitable giving,"Theoretical model of corporate employee charitable matching grant schemes as a coordination device for public-good giving, motivated by US corporate giving statistics ($20.77B in 2017) and matching-grant prevalence among S&P 1500 firms; no novel empirical dataset.",https://doi.org/10.1093/rof/rfad039,,,Y,,,,,Y,Y,,Other,,Theoretical model with stylized facts,Other,,No novel empirical dataset; references aggregate US corporate giving statistics,2024,2018,2021,US,US corporate giving and S&P 1500 firms (referenced in motivation only),N,,N,,N,Other
P68,Review of Finance,"Alexandre Garel, Arthur Romec, Zacharias Sautner, Alexander F Wagner, Do investors care about biodiversity?, Review of Finance, Volume 28, Issue 4, July 2024, Pages 1151–1186, https://doi.org/10.1093/rof/rfae010",Biodiversity / corporate biodiversity footprint (CBF) / pricing,"Firm-level panel testing whether investors price corporate biodiversity exposure, built around the Corporate Biodiversity Footprint (CBF) measure from Iceberg Data Lab — aggregating biodiversity loss from land use, GHG emissions, water and air pollution — merged with CRSP/Compustat returns and accounting data.",https://doi.org/10.1093/rof/rfae010,,,,,Y,,Y,,,,Standard Econometrics Accounting / Market Data,,,Proprietary Database,Market Data,Iceberg Data Lab Corporate Biodiversity Footprint (CBF); CRSP/Compustat,2024,2018,2021,Global,Global firms with IDL CBF coverage,N,,N,,N,Firm-Year
P69,Review of Finance,"Roni Michaely, Guillem Ordonez-Calafi, Silvina Rubio, Mutual funds’ strategic voting on environmental and social issues, Review of Finance, Volume 28, Issue 5, September 2024, Pages 1575–1610, https://doi.org/10.1093/rof/rfae017",ES funds / strategic voting / proxy proposals,"Mutual fund-level analysis of strategic voting on environmental and social shareholder proposals, built from N-PX proxy voting filings, ISS Voting Analytics, CRSP/Morningstar mutual fund data, and Morningstar ESG fund classifications.",https://doi.org/10.1093/rof/rfae017,,,Y,Y,,,,Y,,,Standard Econometrics Accounting / Market Data,,,SEC Filings,Proprietary Database,SEC N-PX proxy voting filings; ISS Voting Analytics; CRSP/Morningstar mutual fund data; Morningstar ESG fund classifications,2024,2011,2021,US,US mutual funds voting on E&S shareholder proposals,Raw Data,SEC N-PX filings: https://www.sec.gov/edgar,N,,Partial,Portfolio-Level
P70,Review of Finance,"Amanda Heitz, Youan Wang, Zigan Wang, The power of the people: labor unions and corporate social responsibility, Review of Finance, Volume 28, Issue 6, November 2024, Pages 1833–1879, https://doi.org/10.1093/rof/rfae018",Labor unions / E&S scores / RDD,"Firm-level regression discontinuity design exploiting close labor union elections (NLRB) to identify causal effects of unionization on internal vs external E&S scores, merged with KLD/MSCI ESG ratings and CRSP/Compustat data, covering US firms.",https://doi.org/10.1093/rof/rfae018,,,Y,Y,,,,Y,Y,,Standard Econometrics Accounting / Market Data,,,Official Statistics,Proprietary Database,NLRB union election records; KLD/MSCI ESG ratings; CRSP/Compustat,2024,2002,2021,US,US public firms with NLRB union election events,Raw Data,NLRB election data: https://www.nlrb.gov/reports/agency-performance/election-reports,N,,Partial,Firm-Year
P71,Review of Finance,"Eliezer M Fich, Guosong Xu, Do salient climatic risks affect shareholder voting?, Review of Finance, Volume 29, Issue 2, March 2025, Pages 567–602, https://doi.org/10.1093/rof/rfaf003",Hurricanes / shareholder voting / E proposals,"Mutual fund-level analysis of 357,649 votes on environmental shareholder proposals, testing whether hurricane exposure at fund headquarter location increases support for E proposals; built from SEC N-PX filings, ISS Voting Analytics, NOAA hurricane data, and FEMA disaster declarations, covering US 2006–2020.",https://doi.org/10.1093/rof/rfaf003,Y,,Y,,,,,,,,Standard Econometrics Accounting / Market Data,,,SEC Filings,Weather & Hazard,SEC N-PX proxy votes; ISS Voting Analytics; NOAA hurricane data; FEMA disaster declarations,2025,2006,2020,US,"357,649 institutional votes on US environmental shareholder proposals; mutual funds in hurricane-affected US regions",Raw Data,SEC N-PX: https://www.sec.gov/edgar; NOAA hurricanes: https://www.nhc.noaa.gov/data/; FEMA: https://www.fema.gov/openfema,N,,Partial,Portfolio-Level
P72,Review of Finance,"Hao Liang, Cara Vansteenkiste, Disaster Relief, Inc.: when is corporate philanthropy good or bad for shareholders?, Review of Finance, Volume 29, Issue 3, May 2025, Pages 851–886, https://doi.org/10.1093/rof/rfaf007",Disaster relief donations / CARs / philanthropy,"Event-study of stock market reactions to 1,162 disaster relief donation announcements by publicly listed firms globally, computing cumulative abnormal returns (CARs) in narrow event windows, 2006–2018.",https://doi.org/10.1093/rof/rfaf007,Y,,,,,,,Y,,,Standard Econometrics Accounting / Market Data,,,News & Media,Market Data,Disaster relief donation announcements (hand-collected from news/press releases); global stock market data,2025,2006,2018,Global,"1,162 disaster relief donation announcements from publicly listed firms worldwide",N,,N,,Partial,Other
P73,Review of Finance,"Alessandro Moro, Andrea Zaghini, The green sin: how exchange rate volatility and financial openness affect green premia, Review of Finance, Volume 29, Issue 4, July 2025, Pages 1189–1217, https://doi.org/10.1093/rof/rfaf024",Green bonds / FX volatility / financial openness,"Theoretical model with mean-variance foreign investors disinclined to hold brown bonds, plus empirical test using a global bond market dataset to show green premia are smaller in economies with more closed financial accounts and more volatile exchange rates.",https://doi.org/10.1093/rof/rfaf024,,Y,,,,Y,,,,,Other,Standard Econometrics Accounting / Market Data,Theoretical model + empirical test,Market Data,Official Statistics,Global bond market dataset (likely Bloomberg / Refinitiv green bond classifications); macro openness and exchange rate data (IMF / World Bank),2025,2014,2021,Global,Global bond market dataset across multiple economies,N,,N,,N,Country-Year
P74,Review of Finance,"Lin William Cong, Yuanyu Qu, Guojun Wang, Blockchains for environmental monitoring: theory and empirical evidence from China, Review of Finance, Volume 29, Issue 5, September 2025, Pages 1303–1336, https://doi.org/10.1093/rof/rfaf033",Blockchain / environmental monitoring / China,"Theoretical model of regulator-firm strategic interactions plus firm-level empirical analysis of China's blockchain-based environmental monitoring system, using monitored emissions/pollution data and firm-level outcomes; identifies effects on industrial pollution, business relocation, and other socioeconomic outcomes.",https://doi.org/10.1093/rof/rfaf033,,,,,,,Y,,,,Standard Econometrics Accounting / Market Data,Other,Theoretical model of regulator-firm strategic interaction,Official Statistics,Market Data,China official emissions/pollution monitoring data; firm-level outcomes,2025,2018,2024,Asia-Pacific,China — exploits unique blockchain monitoring deployment with simultaneous cryptocurrency ban,On Demand,gjwang@shnu.edu.cn,N,,Partial,Firm-Year
P75,Review of Finance,"Jess Cornaggia, Yu-Hsuan (Jennifer) Liang, Peter Iliev, Qiang Wang, Biodiversity and local asset values, Review of Finance, Volume 30, Issue 1, January 2026, Pages 391–421, https://doi.org/10.1093/rof/rfaf051",Biodiversity / US property values / 58M transactions,"Property-level panel of more than 58 million US real estate transactions linking transaction prices to local biodiversity measures from CSIRO and regional species richness from NatureServe, decomposing local vs regional biodiversity effects on property values, 2000–2021.",https://academic.oup.com/rof/article/30/1/391/8286335#548122822,Y,,,,Y,,,,,,Standard Econometrics Accounting / Market Data,,,Proprietary Database,Official Statistics,US real estate transactions (likely Zillow ZTRAX or similar); CSIRO biodiversity data; NatureServe species richness,2026,2000,2021,US,~58 million US property transactions linked to county-level biodiversity measures,On Demand,jnc29@psu.edu,N,,Partial,Asset-Level
P76,Review of Finance,"Massimo Guidolin, Manuela Pedio, The pricing of biodiversity risk in commodity markets, Review of Finance, Volume 30, Issue 1, January 2026, Pages 351–389, https://doi.org/10.1093/rof/rfaf068",Commodities / biodiversity premium / agricultural,"Commodity-level panel testing whether biodiversity-related transition risk is priced in global commodity markets (especially agricultural), built from species-loss-per-harvested-land intensity metrics combined with Bloomberg/futures commodity price data; includes Kunming Declaration event study and aggregate cross-section asset pricing analysis.",https://academic.oup.com/rof/article/30/1/351/8316107,,Y,,,Y,,,,,,Standard Econometrics Accounting / Market Data,,,Market Data,Official Statistics,"Bloomberg/futures commodity prices; species loss per harvested land intensity metrics (open-access biodiversity database, per Cambridge Judge writeup)",2026,2005,2022,Global,"Global commodity markets — agricultural commodities (palm oil, cocoa, coffee, etc.) emphasized",Raw Data,https://jncc.gov.uk/resources/36b59d93-8487-471d-9428-bc3d7dff0423,N,,Partial,Other
P77,Review of Finance,"Franklin Allen, Patrick Behr, Riccardo Cosenza, Eric Nowak, Do investors care about the rainforest? Evidence from voluntary carbon offsets around the world, Review of Finance, Volume 30, Issue 1, January 2026, Pages 321–349, https://doi.org/10.1093/rof/rfaf059",Voluntary carbon offsets / rainforest / global firms,"Firm-level analysis of voluntary carbon offset purchases targeting rainforest/forest projects, built from voluntary carbon market registries (Verra/Gold Standard) merged with global firm financials and emissions data, testing investor responses to firms' voluntary biodiversity-relevant offset disclosures.",https://academic.oup.com/rof/article/30/1/321/8362620,,Y,Y,,Y,,Y,,,,Standard Econometrics Accounting / Market Data,,,Proprietary Database,Market Data,"Voluntary carbon market registries (Verra, Gold Standard); CRSP/Compustat or international equivalents",2026,2009,2024,Global,Global firms participating in voluntary carbon offset markets; rainforest/forest-focused projects,Raw Data,"voluntary Registry Offsets Database: https://gspp.berkeley.edu/berkeley-carbon-trading-project/offsets-database

Verra registry: https://registry.verra.org/

 Gold Standard: https://registry.goldstandard.org/",N,,Partial,Firm-Year
P78,Review of Finance,"Andre Poyser, Does financing biodiversity reduce biodiversity loss? Evidence from EU funding of science and innovation, Review of Finance, Volume 30, Issue 1, January 2026, Pages 273–319, https://doi.org/10.1093/rof/rfaf064",EU biodiversity funding / Horizon programs / project-level,"Project- and country-level analysis of EU biodiversity science and innovation funding (CORDIS Horizon 2020 / Horizon Europe), with funding allocations across UK (€695.12M, 16% of total), Norway (€386.30M), Portugal (€223.02M) and others, decomposed by ecosystem (terrestrial/marine/freshwater/subterranean); tests whether funding actually reduces biodiversity loss outcomes.",https://academic.oup.com/rof/article/30/1/273/8315367,,,,,Y,,,,,,Standard Econometrics Accounting / Market Data,,,Official Statistics,,EU CORDIS database (Horizon 2020 / Horizon Europe project funding); biodiversity outcome indicators,2026,2003,2023,Europe,"EU + associated countries; UK, Norway, Portugal among top funders",Y,https://researchbox.org/5014,Y,https://researchbox.org/5014,Y,Other
P79,Review of Finance,"Alexandre Garel, Arthur Romec, Zacharias Sautner, Alexander Wagner, Firm-level nature dependence, Review of Finance, Volume 30, Issue 1, January 2026, Pages 231–272, https://doi.org/10.1093/rof/rfaf069",NatureDep scores / ecosystem services / firm exposure,"Firm-level panel introducing new ""NatureDep"" measures of corporate dependence on ecosystem services (built by mapping industry-level nature dependence to firms via NACE/GICS codes), merged with CRSP/Compustat or international equivalents and tested for asset-pricing implications.",https://academic.oup.com/rof/article/30/1/231/8316106,Y,,,,Y,,,,,,Standard Econometrics Accounting / Market Data,,,Proprietary Database,Market Data,"Industry-level ecosystem service dependence (e.g., from ENCORE / Natural Capital Finance Alliance); CRSP/Compustat",2026,2010,2023,Global,Global firms with industry classification + market data coverage,Raw Data,ENCORE Natural Capital Finance Alliance):  https://www.encorenature.org/en,N,,Partial,Firm-Year
P80,Review of Finance,"Amir Akbari, Lilian Ng, Man Duy (Marty) Pham, Jing Yu, The real effects of protecting biodiversity, Review of Finance, Volume 30, Issue 1, January 2026, Pages 193–230, https://doi.org/10.1093/rof/rfaf055",Protected areas / Kunming-Montreal / firm corporate behavior,"Firm-level panel testing how the designation of new protected areas — motivated by the COP15 Kunming-Montreal ""30 by 30"" target — affects corporate behavior and financial performance for firms operating near newly protected ecosystems, built from World Database on Protected Areas (WDPA) merged with global firm-level financials.",https://academic.oup.com/rof/article/30/1/193/8304741,,Y,,,Y,,,,,,Standard Econometrics Accounting / Market Data,,,Official Statistics,Market Data,World Database on Protected Areas (WDPA / Protected Planet); CRSP/Compustat or international equivalents,2026,1990,2021,US,Global firms operating near (newly) protected biodiversity areas,Y,Corporate Biodiversity Exposure measures: https://docs.google.com/spreadsheets/d/1Lz3FSaHMt36nuq82qmg9DWtWYxslPMYH/edit?pli=1&gid=1092822974#gid=1092822974,N,,Partial,Firm-Year
P81,Review of Finance,"Stefano Giglio, Theresa Kuchler, Johannes Stroebel, Xuran Zeng, Biodiversity risk, Review of Finance, Volume 30, Issue 1, January 2026, Pages 131–161, https://doi.org/10.1093/rof/rfaf063",Biodiversity risk indices / news + 10-K + survey,"Multi-source biodiversity risk dataset: aggregate news-based biodiversity risk index from NYT and other media; firm- and industry-level exposure measures from (1) textual analysis of 10-K filings, (2) holdings of biodiversity-related funds, (3) firms' CDP questionnaire responses, and (4) a large survey of finance professionals/regulators/academics.",https://academic.oup.com/rof/article/30/1/131/8307061,,Y,,,Y,,,,,,NLP / Textual Analysis,Survey Instrument,,News & Media,SEC Filings,NYT and other news; SEC 10-K filings; biodiversity-related fund holdings; CDP questionnaire responses; survey of finance professionals,2026,2010,2023,Global,"Aggregate (news indices) + firm/industry-level (10-K, fund holdings, CDP); global with US emphasis",Y,https://www.biodiversityrisk.org/download/,N,,Y,Firm-Year
P82,Review of Finance,"Teng Liu, Brook Constantz, Galina Hale, Michael W Beck, Financial value of nature: coastal housing markets, mangroves, and climate resilience, Review of Finance, Volume 30, Issue 1, January 2026, Pages 87–129, https://doi.org/10.1093/rof/rfaf061",Mangroves / coastal housing prices / climate resilience,"Property-level panel testing whether mangrove ecosystem services are capitalized into coastal housing prices, built from real estate transaction data linked to mangrove coverage maps (likely Global Mangrove Watch or NASA satellite data) and storm/hurricane hazard exposure data.",https://academic.oup.com/rof/article/30/1/87/8304747,,Y,,,Y,,,,,,Satellite & Remote Sensing,Standard Econometrics Accounting / Market Data,,Weather & Hazard,Proprietary Database,Zillow ZTRAX; Global Mangrove Watch (JAXA/Aberystwyth); NOAA/NHC hurricane tracks; FEMA NFHL; US Census TIGER; USGS elevation; Case-Shiller HPI (FRED),2026,1993,2019,US,Florida only,Y,https://github.com/tengtedliu/financial_value_of_nature_mangrove,Y,https://github.com/tengtedliu/financial_value_of_nature_mangrove,Y,Asset-Level
P83,Review of Finance,"Sean Shun Cao, G Andrew Karolyi, William W Xiong, Hui Xu, Biodiversity entrepreneurship, Review of Finance, Volume 30, Issue 1, January 2026, Pages 43–86, https://doi.org/10.1093/rof/rfaf062",Biodiversity startups / PitchBook / LLM classification,"Startup-level analysis of 630 biodiversity-linked startups identified by fine-tuning a large language model (LLM) on PitchBook venture data, comparing financing dynamics with non-biodiversity ventures and analyzing the role of Twitter/X social media activity in attracting ""value"" vs ""values"" investors.",https://academic.oup.com/rof/article/30/1/43/8303924,,,,,Y,,,,,,NLP / Textual Analysis,Machine Learning (non-NLP),Fine-tuned LLM for startup classification,Proprietary Database,Social Media,PitchBook venture financing database; Twitter/X social media activity,2026,2010,2023,Global,630 biodiversity-linked startups identified globally via PitchBook,N,,N,,Partial,Other
P84,Review of Finance,"Snorre Gjerde, Zacharias Sautner, Alexander F Wagner, Alexis Wegerich, Corporate nature risk perceptions, Review of Finance, Volume 30, Issue 1, January 2026, Pages 11–42, https://doi.org/10.1093/rof/rfaf050",Nature risk / earnings calls / textual measure,"Firm-level panel of corporate nature/biodiversity risk perceptions constructed via NLP analysis of earnings call transcripts (and likely 10-K filings), separating physical from transition nature risks, merged with firm financial and market data.",https://academic.oup.com/rof/article/30/1/11/8322449,Y,Y,,,Y,,,,,,NLP / Textual Analysis,,,Earnings Call transcripts,Market Data,Earnings call transcripts (likely Refinitiv StreetEvents); CRSP/Compustat,2026,2025,2025,Global,Global firms with earnings call transcript coverage,N,,N,,Y,Firm-Year
P85,Review of Finance,"René Bernard, Panagiota Tzamourani, Michael Weber, Climate change and individual behavior, Review of Finance, Volume 30, Issue 2, March 2026, Pages 571–596, https://doi.org/10.1093/rof/rfaf053",Information experiment / WTP CO2 offsets / green investment,"Individual-level information-provision experiment embedded in a German Bundesbank household survey, testing causal effects of climate-information treatments on willingness to pay for CO2 offsets, willingness to invest in green assets, and downstream information-acquisition behavior.",https://academic.oup.com/rof/article/30/2/571/8381550,,Y,,,Y,Y,,,,,Experiment,Survey Instrument,,Survey Data,,Bundesbank household survey (likely Bundesbank Online Panel Households / BOP-HH) with embedded information experiment,2026,2020,2024,Europe,German household survey panel,On Demand,"The data underlying this article can be 
made available for academic research projects by the Research Data and Service Centre of the Deutsche Bundesbank.",N,,Y,Other
P86,Review of Finance,"Zoey Yiyuan Zhou, Douglas Almond, Biodiversity co-benefits in carbon markets? Evidence from voluntary offset projects, Review of Finance, Volume 30, Issue 2, March 2026, Pages 537–570, https://doi.org/10.1093/rof/rfaf066",Voluntary carbon offsets / habitat quality / satellite,"Project-level analysis of ~30,000 voluntary carbon offset projects (~2,700 with mapped spatial boundaries) and 419,000+ credit retirements, linking registry records (Verra, Gold Standard, etc.) to satellite-derived habitat indicators (Human Influence Index, Biodiversity Habitat Index, BERI) to test claimed biodiversity co-benefits.",https://academic.oup.com/rof/article/30/2/537/8317468,,Y,,,Y,,,,,,Satellite & Remote Sensing,Standard Econometrics Accounting / Market Data,,Satellite Imagery,Proprietary Database,"Voluntary carbon market registries (Verra, Gold Standard, etc.); Human Influence Index (HII); Biodiversity Habitat Index (BHI); BERI; rating agency data (BeZero, Sylvera, Calyx, AlliedOffsets, Renoster)",2026,2000,2023,Global,"~30,000 voluntary carbon offset projects globally; ~2,700 with spatial boundaries",Raw Data,"Verra: 
https://registry.verra.org/

 HII via SEDAC/CIESIN: https://sedac.ciesin.columbia.edu/",N,,Partial,Asset-Level
P87,Review of Finance,"Markus Leippold, Tingyu Yu, Firm-level green innovation beyond patents, Review of Finance, Volume 30, Issue 2, March 2026, Pages 423–458, https://doi.org/10.1093/rof/rfaf058",Green innovation / textual measure / beyond patents,"Firm-level panel constructing new measures of green innovation that capture commercialization and adoption (not just patent invention), built via NLP/textual analysis of corporate disclosures and other text sources, merged with patent data and standard firm financials.",https://academic.oup.com/rof/article/30/2/423/8304746,,Y,,,,,Y,,,,NLP / Textual Analysis,Standard Econometrics Accounting / Market Data,,Earnings Call transcripts,Market Data,Corporate textual disclosures (likely 10-K filings and/or earnings calls); patent data (USPTO/Google Patents); CRSP/Compustat,2026,2006,2022,US,US-listed firms,Raw Data,USPTO/Google Patents are public; SEC EDGAR filings are public,Partial,climate bert: https://www.chatclimate.ai/climatebert,Partial,Firm-Year
P88,Review of Financial Studies,"Sophie A Shive, Margaret M Forster, Corporate Governance and Pollution Externalities of Public and Private Firms, The Review of Financial Studies, Volume 33, Issue 3, March 2020, Pages 1296–1330, https://doi.org/10.1093/rfs/hhz079",Pollution externalities / public vs private firms,"Firm-level comparison of toxic/greenhouse pollution by public vs private US firms, built from EPA emissions data (Greenhouse Gas Reporting Program, Toxic Release Inventory) linked to firm ownership and financial data.",https://doi.org/10.1093/rfs/hhz079,,,,,,,Y,,Y,,Standard Econometrics Accounting / Market Data,,,Official Statistics,Proprietary Database,EPA Greenhouse Gas Reporting Program & Toxic Release Inventory; private/public firm financials (Capital IQ),2020,2007,2016,US,US public and private firms with EPA-reported facilities,Raw Data,"EPA GHGRP: https://www.epa.gov/ghgreporting
 TRI: 
https://www.epa.gov/toxics-release-inventory-tri-program",N,,Partial,Firm-Year
P89,Review of Financial Studies,"Markus Baldauf, Lorenzo Garlappi, Constantine Yannelis, Does Climate Change Affect Real Estate Prices? Only If You Believe In It, The Review of Financial Studies, Volume 33, Issue 3, March 2020, Pages 1256–1295, https://doi.org/10.1093/rfs/hhz073",Climate beliefs / house prices / sea-level rise,"Property-level study of whether US coastal house prices reflect climate-change beliefs, pairing real-estate transaction data with local climate-opinion measures (Yale Climate Opinion Maps) and sea-level-rise/flood exposure; includes an equilibrium housing-sorting model.",https://doi.org/10.1093/rfs/hhz073,Y,,,,,,,,,,Standard Econometrics Accounting / Market Data,Other,Equilibrium housing-sorting model (alongside empirics),Proprietary Database,Survey Data,Real-estate transactions (e.g. Zillow/realtor data); Yale Climate Opinion Maps; sea-level-rise/flood exposure,2020,1997,2017,US,US coastal housing markets,Raw Data,"Yale Climate Opinion Maps: https://climatecommunication.yale.edu/visualizations-data/ycom-us/

Air temp and heat index:
https://wonder.cdc.gov/nasa-nldas.html",N,,Partial,Asset-Level
P90,Review of Financial Studies,"Justin Murfin, Matthew Spiegel, Is the Risk of Sea Level Rise Capitalized in Residential Real Estate?, The Review of Financial Studies, Volume 33, Issue 3, March 2020, Pages 1217–1255, https://doi.org/10.1093/rfs/hhz134",Sea-level rise / coastal home prices / inundation,"Property-level study comparing coastal home prices by inundation threshold under sea-level-rise projections, built from a comprehensive coastal home-sales database merged with NOAA elevation-relative-to-tide data.",https://doi.org/10.1093/rfs/hhz134,Y,,,,,,,,,,Standard Econometrics Accounting / Market Data,,,Proprietary Database,Weather & Hazard,Coastal home-sales transaction data; NOAA tidal/elevation & sea-level-rise projections,2020,2014,2017,US,US coastal residential properties,Raw Data,NOAA SLR/elevation: https://coast.noaa.gov/slr/,N,,Partial,Asset-Level
P91,Review of Financial Studies,"Robert F Engle, Stefano Giglio, Bryan Kelly, Heebum Lee, Johannes Stroebel, Hedging Climate Change News, The Review of Financial Studies, Volume 33, Issue 3, March 2020, Pages 1184–1216, https://doi.org/10.1093/rfs/hhz072",Climate news index / hedge portfolios / textual analysis,"Construction of climate-change news indices via textual analysis of newspapers (WSJ and a Crimson Hexagon news corpus), then mimicking-portfolio hedge construction disciplined by third-party ESG scores; authors publicly release the climate news series.",https://doi.org/10.1093/rfs/hhz072,,Y,Y,,,,,,,,NLP / Textual Analysis,Standard Econometrics Accounting / Market Data,,News & Media,Market Data,WSJ climate news index; Crimson Hexagon news corpus; third-party ESG scores; CRSP returns,2020,1984,2018,US,US equities; news-based aggregate climate risk series,Y,https://drive.google.com/file/d/1pCHmcebmOwrVCFim78ALhB51c3h1qt2T/view?pli=1,N,,Y,Portfolio-Level
P92,Review of Financial Studies,"Darwin Choi, Zhenyu Gao, Wenxi Jiang, Attention to Global Warming, The Review of Financial Studies, Volume 33, Issue 3, March 2020, Pages 1112–1145, https://doi.org/10.1093/rfs/hhz086",Attention (Google search) / temperature / carbon returns,"International study linking abnormally warm local temperatures to climate-change attention (Google search volume) and to underperformance of carbon-intensive stocks, combining Google Trends, weather/temperature data, and equity returns.",https://doi.org/10.1093/rfs/hhz086,Y,Y,,,,,,,,,Standard Econometrics Accounting / Market Data,,,Other,Weather & Hazard,Google Trends search volume (global-warming attention); local temperature data; international equity returns,2020,1973,2017,Global,International cities/markets,Raw Data,"Google Trends: https://trends.google.com/

  ISD temperature Data:
https://www.ncei.noaa.gov/products/land-based-station/integrated-surface-database",N,,Partial,Other
P93,Review of Financial Studies,"Emirhan Ilhan, Zacharias Sautner, Grigory Vilkov, Carbon Tail Risk, The Review of Financial Studies, Volume 34, Issue 3, March 2021, Pages 1540–1571, https://doi.org/10.1093/rfs/hhaa071",Carbon tail risk / option-implied / climate policy uncertainty,"Firm-level study showing option-implied downside tail risk is larger for carbon-intensive firms, combining OptionMetrics option prices, firm carbon intensity (vendor emissions), and climate-attention proxies.",https://doi.org/10.1093/rfs/hhaa071,,Y,,,,,Y,,,,Standard Econometrics Accounting / Market Data,,,Market Data,Proprietary Database,OptionMetrics option prices; firm carbon intensity (Trucost/vendor); climate-attention proxies,2021,2009,2016,US,US optionable firms,N,,N,,N,Firm-Year
P94,Review of Financial Studies,"Stefano Giglio, Matteo Maggiori, Krishna Rao, Johannes Stroebel, Andreas Weber, Climate Change and Long-Run Discount Rates: Evidence from Real Estate, The Review of Financial Studies, Volume 34, Issue 8, August 2021, Pages 3527–3571, https://doi.org/10.1093/rfs/hhab032",Long-run discount rates / leaseholds vs freeholds,"Estimates the term structure of discount rates for very-long-horizon (climate) payoffs by exploiting the price gap between leasehold and freehold residential properties, using UK Land Registry transactions and Singapore housing data.",https://doi.org/10.1093/rfs/hhab032,Y,,,,,Y,,,,,Standard Econometrics Accounting / Market Data,,,Official Statistics,Proprietary Database,UK Land Registry Price Paid (leasehold/freehold); Singapore housing transactions; Rightmove listings,2021,2008,2017,Europe,UK (main) and Singapore residential property,Raw Data,UK Land Registry Price Paid: https://www.gov.uk/government/collections/price-paid-data,Y,https://dataverse.harvard.edu/dataset.xhtml?persistentId=doi:10.7910/DVN/PNHXF6,Partial,Asset-Level
P95,Review of Financial Studies,"Rob Bauer, Tobias Ruof, Paul Smeets, Get Real! Individuals Prefer More Sustainable Investments, The Review of Financial Studies, Volume 34, Issue 8, August 2021, Pages 3976–4043, https://doi.org/10.1093/rfs/hhab037",Sustainable investing preferences / pension field experiment,"Field experiment with real financial stakes among members of a Dutch pension fund, combining an incentivized vote and surveys to measure individuals' preferences for sustainable investments.",https://doi.org/10.1093/rfs/hhab037,,,Y,,,,,Y,,,Experiment,Survey Instrument,,Survey Data,,Incentivized field experiment + survey of Dutch pension fund (Pensioenfonds Detailhandel) members,2021,2018,2020,Europe,Netherlands — pension fund membership,N,,N,,N,Other
P96,Review of Financial Studies,"Ravi Bansal, Di (Andrew) Wu, Amir Yaron, Socially Responsible Investing in Good and Bad Times, The Review of Financial Studies, Volume 35, Issue 4, April 2022, Pages 2067–2099, https://doi.org/10.1093/rfs/hhab072",SRI returns / business cycle / wealth-dependent preferences,"Time-varying analysis of SRI abnormal returns over the business cycle, using portfolio regressions and event studies on analyst ESG ratings, firm announcements, and realized ESG incidents linked to market data.",https://doi.org/10.1093/rfs/hhab072,,,Y,Y,,,,,,,Standard Econometrics Accounting / Market Data,,,Proprietary Database,Market Data,KLD/MSCI ESG ratings; firm ESG announcements & realized incidents; CRSP/Compustat,2022,1993,2013,US,US equities,N,,N,,N,Portfolio-Level
P97,Review of Financial Studies,"Joel F Houston, Hongyu Shan, Corporate ESG Profiles and Banking Relationships, The Review of Financial Studies, Volume 35, Issue 7, July 2022, Pages 3373–3417, https://doi.org/10.1093/rfs/hhab125",Bank-borrower ESG matching / lending,"Loan-level study showing banks lend to borrowers with similar ESG profiles and influence borrowers' subsequent ESG performance, combining DealScan syndicated-loan data with bank and borrower ESG ratings and financials.",https://doi.org/10.1093/rfs/hhab125,,,Y,Y,,,,,Y,,Standard Econometrics Accounting / Market Data,,,Proprietary Database,Market Data,DealScan syndicated loans; bank & borrower ESG ratings (Refinitiv/MSCI); Compustat,2022,2007,2017,US,US (and global) bank-borrower pairs,N,,N,,N,Firm-Year
P98,Review of Financial Studies,"Laura A Bakkensen, Lint Barrage, Going Underwater? Flood Risk Belief Heterogeneity and Coastal Home Price Dynamics, The Review of Financial Studies, Volume 35, Issue 8, August 2022, Pages 3666–3709, https://doi.org/10.1093/rfs/hhab122",Flood-risk beliefs / coastal home prices / survey,"Dynamic housing-market model plus a door-to-door survey in Rhode Island measuring flood-risk beliefs, combined with coastal property transactions and FEMA flood-risk maps to study capitalization of flood risk.",https://doi.org/10.1093/rfs/hhab122,Y,,,,,,,,,,Satellite & Remote Sensing,Survey Instrument,,Survey Data,Weather & Hazard,Door-to-door Rhode Island flood-risk-belief survey; coastal home transactions; FEMA flood maps,2022,2017,2017,US,US coastal — Rhode Island survey site,Raw Data,FEMA flood maps: https://www.fema.gov/flood-maps/national-flood-hazard-layer,N,,Partial,Asset-Level
P99,Review of Financial Studies,"Emily A Gallagher, Stephen B Billings, Lowell R Ricketts, Human Capital Investment after the Storm, The Review of Financial Studies, Volume 36, Issue 7, July 2023, Pages 2651–2684, https://doi.org/10.1093/rfs/hhad003",Natural disasters / human capital / household finance,"Study of how natural-disaster (storm) exposure affects household human-capital investment, combining FEMA disaster declarations with individual-level education/financial-aid and credit-bureau data.",https://doi.org/10.1093/rfs/hhad003,Y,,,,,,,Y,,,Standard Econometrics Accounting / Market Data,Satellite & Remote Sensing,,Weather & Hazard,Official Statistics,FEMA disaster declarations/THECB ; college-enrollment / financial-aid data; consumer credit-bureau panel,2023,2015,2021,US,US disaster-affected areas / individuals,Raw Data,https://dataverse.harvard.edu/dataset.xhtml?persistentId=doi:10.7910/DVN/1W1NPW,Y,https://dataverse.harvard.edu/dataset.xhtml?persistentId=doi:10.7910/DVN/1W1NPW,Partial,Other
P100,Review of Financial Studies,"Emirhan Ilhan, Philipp Krueger, Zacharias Sautner, Laura T Starks, Climate Risk Disclosure and Institutional Investors, The Review of Financial Studies, Volume 36, Issue 7, July 2023, Pages 2617–2650, https://doi.org/10.1093/rfs/hhad002",Climate disclosure demand / institutional investors / survey,"Survey of institutional investors plus observational holdings analysis showing investors value and demand climate-risk disclosure, linking the survey to 13F holdings and CDP climate-disclosure data.",https://doi.org/10.1093/rfs/hhad002,,Y,Y,,,,,,,,Survey Instrument,Standard Econometrics Accounting / Market Data,,Survey Data,CDP Reports,Survey of institutional investors; 13F institutional holdings; CDP climate-disclosure scores,2023,2010,2019,Global,Global institutional investors,Raw Data,13F via SEC EDGAR: https://www.sec.gov/edgar/search/,N,,Partial,Firm-Year
P101,Review of Financial Studies,"Joseph Engelberg, Matthew Henriksson, Asaf Manela, Jared Williams, The Partisanship of Financial Regulators, The Review of Financial Studies, Volume 36, Issue 11, November 2023, Pages 4373–4416, https://doi.org/10.1093/rfs/hhad029",Regulator partisanship / ML text / SEC & Fed,"Machine-learning textual analysis identifying partisan phrases (e.g., ""red tape,"" ""climate change"") in Congress and measuring their usage by SEC Commissioners and Federal Reserve Governors, 1930-2019.",https://doi.org/10.1093/rfs/hhad029,,,,,,,,,Y,Politics,NLP / Textual Analysis,,,Other,,Congressional Record; SEC Commissioner & Fed Governor speeches/transcripts,2023,1930,2019,US,"US financial regulators (SEC, Federal Reserve), 1930-2019",Y,https://dataverse.harvard.edu/dataset.xhtml?persistentId=doi:10.7910/DVN/UTMICU,Y,https://dataverse.harvard.edu/dataset.xhtml?persistentId=doi:10.7910/DVN/UTMICU,Y,Document-Level
P102,Review of Financial Studies,"Paul Goldsmith-Pinkham, Matthew T Gustafson, Ryan C Lewis, Michael Schwert, Sea-Level Rise Exposure and Municipal Bond Yields, The Review of Financial Studies, Volume 36, Issue 11, November 2023, Pages 4588–4635, https://doi.org/10.1093/rfs/hhad041",Sea-level rise / municipal bond yields,"Study of whether municipal-bond yields price sea-level-rise exposure, combining municipal-bond transaction/yield data with property-level sea-level-rise exposure measures (Climate Central / NOAA).",https://doi.org/10.1093/rfs/hhad041,Y,,,,,Y,,,,,Standard Econometrics Accounting / Market Data,Satellite & Remote Sensing,,Market Data,Weather & Hazard,Municipal-bond transactions/yields (MSRB); sea-level-rise exposure (Climate Central / NOAA),2023,2001,2017,US,US municipal issuers in coastal areas,Raw Data,Climate Central surging-seas / NOAA SLR public; MSRB EMMA: https://emma.msrb.org/,Y,https://dataverse.harvard.edu/dataset.xhtml?persistentId=doi:10.7910/DVN/W5HTWA,Partial,Asset-Level
P103,Review of Financial Studies,"Ivan T Ivanov, Mathias S Kruttli, Sumudu W Watugala, Banking on Carbon: Corporate Lending and Cap-and-Trade Policy, The Review of Financial Studies, Volume 37, Issue 5, May 2024, Pages 1640–1684, https://doi.org/10.1093/rfs/hhad085",Cap-and-trade / bank credit / emitters,"Estimates the effect of carbon-pricing policy on bank credit to emitting firms, exploiting geographic restrictions in California's cap-and-trade program and a free-permit-threshold discontinuity in the federal Waxman-Markey bill, using syndicated-loan, EPA emissions, and regulatory data.",https://doi.org/10.1093/rfs/hhad085,,Y,,,,Y,Y,,,,Standard Econometrics Accounting / Market Data,,,Proprietary Database,Official Statistics,DealScan syndicated loans; EPA GHG emissions; California ARB cap-and-trade / permit data,2024,2009,2023,US,US emitting firms; California cap-and-trade setting,Raw Data,"EPA GHGRP: 
 https://www.epa.gov/ghgreporting

SNC data:
https://www.federalreserve.gov/data.htm",Y,https://dataverse.harvard.edu/dataset.xhtml?persistentId=doi:10.7910/DVN/RR86M2,Partial,Firm-Year
P104,Review of Financial Studies,"Nora M C Pankratz, Christoph M Schiller, Climate Change and Adaptation in Global Supply-Chain Networks, The Review of Financial Studies, Volume 37, Issue 6, June 2024, Pages 1729–1777, https://doi.org/10.1093/rfs/hhad093",Heat exposure / supply chains / adaptation,"Study of how supplier heat exposure reduces supplier and customer operating income and triggers supplier-relationship termination, combining FactSet Revere supply-chain links with firm financials and local temperature/heat-exposure data.",https://doi.org/10.1093/rfs/hhad093,Y,,,,,,,,,Supply chain,Standard Econometrics Accounting / Market Data,Satellite & Remote Sensing,,Proprietary Database,Weather & Hazard,FactSet Revere supply-chain links; firm financials; local temperature/heat-exposure data,2024,2003,2016,Global,Global supplier-customer firm pairs,Raw Data,Weather/temperature data public; FactSet Revere supply-chain data proprietary,Y,https://dataverse.harvard.edu/file.xhtml?fileId=7622069&version=1.0,Partial,Firm-Year
P105,Review of Financial Studies,"Gustav Martinsson, László Sajtos, Per Strömberg, Christian Thomann, The Effect of Carbon Pricing on Firm Emissions: Evidence from the Swedish CO2 Tax, The Review of Financial Studies, Volume 37, Issue 6, June 2024, Pages 1848–1886, https://doi.org/10.1093/rfs/hhad097",Swedish CO2 tax / firm emissions elasticity,"Estimates the emission-to-carbon-price elasticity using a unique 26-year panel of CO2 emissions for Swedish manufacturing firms (administrative registers), exploiting Sweden's 1991 carbon tax and firm-level financial/abatement heterogeneity.",https://doi.org/10.1093/rfs/hhad097,,Y,,,,,Y,,,,Standard Econometrics Accounting / Market Data,Regulatory Filing Parsing,,Official Statistics,Proprietary Database,"Swedish manufacturing firm-level CO2 emissions (administrative registers, ~26 years); firm financials",2024,1990,2015,Europe,Sweden — manufacturing firms; carbon tax since 1991,Partial,https://dataverse.harvard.edu/dataset.xhtml?persistentId=doi:10.7910/DVN/9NWRW8,Y,https://dataverse.harvard.edu/dataset.xhtml?persistentId=doi:10.7910/DVN/9NWRW8,Partial,Firm-Year
P106,Review of Financial Studies,"Michael LaCour-Little, Andrey Pavlov, Susan Wachter, Adverse Selection and Climate Risk: A Response to , The Review of Financial Studies, Volume 37, Issue 6, June 2024, Pages 1831–1847, https://doi.org/10.1093/rfs/hhad072",Adverse selection / climate risk / mortgage securitization (replication),"Replication/comment re-examining Ouazad & Kahn (2022): correcting the FHFA conforming-loan-limit construction reverses the original adverse-selection result, finding no evidence that lenders transfer climate risk via loan origination/securitization. Built from HMDA mortgage data, FHFA conforming loan limits, flood-zone designations, and GSE securitization data.",https://doi.org/10.1093/rfs/hhad072,Y,,,,,,,,,,Standard Econometrics Accounting / Market Data,Satellite & Remote Sensing,,Official Statistics,Weather & Hazard,HMDA mortgage data; FHFA conforming loan limits; FEMA/flood-zone designations; GSE securitization data,2024,1995,2020,US,US mortgage markets; replication of Ouazad & Kahn (2022),Raw Data,https://dataverse.harvard.edu/dataset.xhtml?persistentId=doi:10.7910/DVN/ABVAYZ,Y,https://dataverse.harvard.edu/dataset.xhtml?persistentId=doi:10.7910/DVN/ABVAYZ,Y,Other
P107,Review of Financial Studies,"Qing Li, Hongyu Shan, Yuehua Tang, Vincent Yao, Corporate Climate Risk: Measurements and Responses, The Review of Financial Studies, Volume 37, Issue 6, June 2024, Pages 1778–1830, https://doi.org/10.1093/rfs/hhad094",Climate risk measure / earnings calls / physical vs transition,"Constructs firm-level physical and transition climate-risk measures via textual analysis of earnings-call transcripts using purpose-built dictionaries, and links them to firms' proactive climate responses and financials.",https://doi.org/10.1093/rfs/hhad094,Y,Y,,,,,,,,,NLP / Textual Analysis,Standard Econometrics Accounting / Market Data,,Earnings Call transcripts,Market Data,Earnings-call transcripts; CRSP/Compustat; constructed physical & transition climate-risk dictionaries,2024,2002,2018,US,US (and global) firms with earnings-call coverage,N,,Y,https://dataverse.harvard.edu/dataset.xhtml?persistentId=doi:10.7910/DVN/9DROKJ,Partial,Firm-Year
P108,Review of Financial Studies,"Michelle Lowry, Pingle Wang, Kelsey D Wei, Are All ESG Funds Created Equal? Only Some Funds Are Committed, The Review of Financial Studies, Volume 39, Issue 1, January 2026, Pages 79–113, https://doi.org/10.1093/rfs/hhaf084",Committed vs uncommitted ESG funds / engagement,"Compares ESG mutual funds with similar ESG holdings but different incentives to engage, showing ""committed"" ESG funds do more ESG information acquisition, longer-horizon investing, and more intense engagement with greater real impact; built from fund holdings, ESG fund classifications, and engagement/information-acquisition data.",https://doi.org/10.1093/rfs/hhaf084,,,Y,Y,,,,,Y,,Standard Econometrics Accounting / Market Data,,,Proprietary Database,Market Data,CRSP/Morningstar mutual-fund data; ESG fund classifications; fund engagement & information-acquisition data,2025,2013,2020,US,US ESG mutual funds,N,,Y,https://dataverse.harvard.edu/dataset.xhtml?persistentId=doi:10.7910/DVN/FTPRYX,N,Portfolio-Level
P109,Review of Financial Studies,"Tuomas Tomunen, Failure to Share Natural Disaster Risk, The Review of Financial Studies, Volume 39, Issue 3, March 2026, Pages 661–701, https://doi.org/10.1093/rfs/hhaf055",Catastrophe bonds / natural disaster risk / intermediary asset pricing,"Intermediary asset-pricing study of catastrophe (cat) bonds whose payoffs are linked to natural disasters, showing ~71% of cross-sectional variation in cat-bond expected returns is explained by a theoretically motivated measure of intermediaries' marginal utility; built from a security-level catastrophe-bond database with secondary-market trading data.",https://doi.org/10.1093/rfs/hhaf055,Y,,,,,Y,,,,,Standard Econometrics Accounting / Market Data,,,Proprietary Database,Market Data,Catastrophe-bond security-level database (e.g. Lane Financial/Artemis); secondary-market trading data; risk-free benchmark rates,2026,1997,2018,Global,"Global catastrophe-bond market (US-peril heavy); RFS Vol 39(3), 2026, pp.661-701",Partial,https://dataverse.harvard.edu/dataset.xhtml?persistentId=doi:10.7910/DVN/MBBSGV,Y,https://dataverse.harvard.edu/dataset.xhtml?persistentId=doi:10.7910/DVN/MBBSGV,Partial,Asset-Level
